,Player,Contract Years Left
0,Alisson,6
1,Caoimhin Kelleher,5
2,Loris Karius,1
3,Adrián,1
4,Virgil van Dijk,4
5,Ibrahima Konaté,5
6,Joe Gomez,3
7,Joel Matip,3
8,Nathaniel Phillips,2
9,Rhys Williams,2
10,Ben Davies,4
11,Andrew Robertson,3
12,Konstantinos Tsimikas,4
13,Trent Alexander-Arnold,4
14,Neco Williams,4
15,Fabinho,5
16,Naby Keïta,2
17,Thiago,3
18,Curtis Jones,4
19,Jordan Henderson,2
20,Alex Oxlade-Chamberlain,2
21,James Milner,1
22,Ben Woodburn,1
23,Sadio Mané,2
24,Diogo Jota,4
25,Takumi Minamino,3
26,Mohamed Salah,2
27,Harvey Elliott,5
28,Xherdan Shaqiri,1
29,Sheyi Ojo,2
30,Roberto Firmino,2
31,Divock Origi,3
32,Caoimhin Kelleher,5
33,Ibrahima Konaté,5
34,Ben Woodburn,1
35,Harvey Elliott,5
36,Divock Origi,3
37,Ederson,4
38,Zack Steffen,2
39,Scott Carson,1
40,Rúben Dias,5
41,Aymeric Laporte,4
42,Nathan Aké,4
43,John Stones,5
44,Ko Itakura,1
45,Oleksandr Zinchenko,3
46,Benjamin Mendy,2
47,João Cancelo,4
48,Kyle Walker,3
49,Rodri,3
50,Fernandinho,1
51,Ilkay Gündogan,2
52,Yangel Herrera,3
53,Kevin De Bruyne,4
54,Bernardo Silva,4
55,Raheem Sterling,2
56,Phil Foden,3
57,Jack Grealish,6
58,Ferran Torres,4
59,Riyad Mahrez,2
60,Patrick Roberts,1
61,Gabriel Jesus,2
62,Zack Steffen,2
63,John Stones,5
64,Kyle Walker,3
65,Kevin De Bruyne,4
66,Gabriel Jesus,2
67,Edouard Mendy,4
68,Kepa Arrizabalaga,4
69,Marcus Bettinelli,2
70,Kurt Zouma,2
71,Andreas Christensen,1
72,Antonio Rüdiger,1
73,Ethan Ampadu,2
74,Malang Sarr,4
75,Trevoh Chalobah,2
76,Matt Miazga,1
77,Thiago Silva,1
78,Ben Chilwell,4
79,Emerson,1
80,Marcos Alonso,2
81,Abdul Rahman Baba,1
82,Reece James,4
83,César Azpilicueta,1
84,Davide Zappacosta,1
85,N'Golo Kanté,2
86,Jorginho,2
87,Tiemoué Bakayoko,1
88,Mateo Kovacic,3
89,Ross Barkley,2
90,Ruben Loftus-Cheek,3
91,Lewis Baker,1
92,Danny Drinkwater,1
93,Kenedy,3
94,Mason Mount,3
95,Kai Havertz,4
96,Hakim Ziyech,4
97,Charly Musonda Jr.,1
98,Callum Hudson-Odoi,3
99,Christian Pulisic,3
100,Romelu Lukaku,5
101,Timo Werner,4
102,Tammy Abraham,2
103,Michy Batshuayi,1
104,Kepa Arrizabalaga,4
105,Kurt Zouma,2
106,Ben Chilwell,4
107,Kai Havertz,4
108,Tammy Abraham,2
109,Pierluigi Gollini,1
110,Hugo Lloris,1
111,Cristian Romero,1
112,Davinson Sánchez,3
113,Eric Dier,3
114,Joe Rodon,4
115,Japhet Tanganga,4
116,Cameron Carter-Vickers,1
117,Sergio Reguilón,4
118,Ben Davies,3
119,Serge Aurier,1
120,Matt Doherty,3
121,Pierre-Emile Höjbjerg,4
122,Harry Winks,3
123,Oliver Skipp,3
124,Tanguy Ndombélé,4
125,Giovani Lo Celso,4
126,Moussa Sissoko,2
127,Ryan Sessegnon,4
128,Dele Alli,3
129,Heung-min Son,4
130,Bryan Gil,5
131,Steven Bergwijn,4
132,Lucas Moura,3
133,Jack Clarke,2
134,Harry Kane,3
135,Pierluigi Gollini,1
136,Ben Davies,3
137,Harry Winks,3
138,Moussa Sissoko,2
139,Dane Scarlett,2
140,Dean Henderson,4
141,David de Gea,2
142,Tom Heaton,2
143,Lee Grant,1
144,Raphaël Varane,4
145,Harry Maguire,4
146,Victor Lindelöf,3
147,Eric Bailly,3
148,Phil Jones,2
149,Luke Shaw,2
150,Alex Telles,3
151,Aaron Wan-Bissaka,3
152,Diogo Dalot,2
153,Brandon Williams,3
154,Nemanja Matic,2
155,Paul Pogba,1
156,Scott McTominay,4
157,Donny van de Beek,4
158,Fred,2
159,Bruno Fernandes,4
160,Jesse Lingard,1
161,Andreas Pereira,2
162,Juan Mata,1
163,Marcus Rashford,2
164,Daniel James,3
165,Jadon Sancho,5
166,Mason Greenwood,4
167,Amad Diallo,4
168,Anthony Martial,3
169,Edinson Cavani,1
170,Tom Heaton,2
171,Brandon Williams,3
172,Donny van de Beek,4
173,Juan Mata,1
174,Anthony Martial,3
175,Bernd Leno,2
176,Rúnar Alex Rúnarsson,3
177,Ben White,5
178,Gabriel,4
179,Rob Holding,3
180,Calum Chambers,1
181,Pablo Marí,3
182,Kieran Tierney,5
183,Nuno Tavares,4
184,Sead Kolasinac,1
185,Héctor Bellerín,2
186,Cédric Soares,3
187,Thomas Partey,4
188,Granit Xhaka,2
189,Lucas Torreira,2
190,Mohamed Elneny,1
191,Albert Sambi Lokonga,5
192,Ainsley Maitland-Niles,2
193,Bukayo Saka,3
194,Emile Smith Rowe,5
195,Gabriel Martinelli,3
196,Nicolas Pépé,3
197,Willian,2
198,Reiss Nelson,2
199,Alexandre Lacazette,1
200,Pierre-Emerick Aubameyang,2
201,Eddie Nketiah,1
202,Karl Hein,1
203,Nuno Tavares,4
204,Héctor Bellerín,2
205,Ainsley Maitland-Niles,2
206,Reiss Nelson,2
207,Jordan Pickford,3
208,Asmir Begovic,1
209,João Virgínia,3
210,Michael Keane,4
211,Ben Godfrey,4
212,Mason Holgate,4
213,Yerry Mina,2
214,Jarrad Branthwaite,1
215,Lucas Digne,4
216,Niels Nkounkou,2
217,Jonjoe Kenny,1
218,Seamus Coleman,2
219,Jean-Philippe Gbamin,3
220,Abdoulaye Doucouré,2
221,Allan,2
222,André Gomes,3
223,Tom Davies,2
224,Fabian Delph,1
225,James Rodríguez,1
226,Gylfi Sigurdsson,1
227,Alex Iwobi,3
228,Demarai Gray,3
229,Anthony Gordon,4
230,Andros Townsend,2
231,Richarlison,3
232,Dominic Calvert-Lewin,4
233,Moise Kean,3
234,Cenk Tosun,1
235,Asmir Begovic,1
236,Jarrad Branthwaite,1
237,Tom Davies,2
238,Anthony Gordon,4
239,Nathan Broadhead,2
240,Kasper Schmeichel,2
241,Danny Ward,4
242,Eldin Jakupovic,0
243,Caglar Söyüncü,2
244,Wesley Fofana,4
245,Jannik Vestergaard,3
246,Jonny Evans,2
247,Daniel Amartey,1
248,Filip Benkovic,2
249,Ryan Bertrand,2
250,Luke Thomas,3
251,Ricardo Pereira,2
252,Timothy Castagne,4
253,James Justin,3
254,Wilfred Ndidi,3
255,Boubakary Soumaré,5
256,Nampalys Mendy,2
257,Youri Tielemans,2
258,Dennis Praet,3
259,Hamza Choudhury,2
260,Marc Albrighton,3
261,Harvey Barnes,3
262,James Maddison,3
263,Ayoze Pérez,2
264,Patson Daka,5
265,Kelechi Iheanacho,3
266,Jamie Vardy,2
267,Danny Ward,4
268,Kiernan Dewsbury-Hall,3
269,Hamza Choudhury,2
270,Marc Albrighton,3
271,Patson Daka,5
272,José Sá,5
273,John Ruddy,1
274,Andreas Söndergaard,2
275,Conor Coady,4
276,Willy Boly,2
277,Romain Saïss,1
278,Max Kilman,4
279,Yerson Mosquera,5
280,Rayan Aït Nouri,5
281,Jonny Otto,4
282,Marçal,1
283,Nélson Semedo,2
284,Ki-Jana Hoever,4
285,Oskar Buur,2
286,Rúben Neves,3
287,Leander Dendoncker,2
288,Owen Otasowie,1
289,Morgan Gibbs-White,2
290,João Moutinho,1
291,Bruno Jordão,3
292,Connor Ronan,3
293,Pedro Neto,4
294,Adama Traoré,2
295,Daniel Podence,3
296,Francisco Trincão,1
297,Raúl Jiménez,3
298,Fábio Silva,4
299,Rafa Mir,1
300,John Ruddy,1
301,Rayan Aït Nouri,5
302,Leander Dendoncker,2
303,Morgan Gibbs-White,2
304,Fábio Silva,4
305,Alphonse Areola,1
306,Lukasz Fabianski,1
307,Darren Randolph,2
308,David Martin,1
309,Issa Diop,2
310,Craig Dawson,2
311,Angelo Ogbonna,1
312,Winston Reid,2
313,Arthur Masuaku,3
314,Aaron Cresswell,2
315,Vladimir Coufal,2
316,Ben Johnson,1
317,Ryan Fredericks,1
318,Declan Rice,3
319,Tomas Soucek,3
320,Conor Coventry,2
321,Mark Noble,1
322,Pablo Fornals,3
323,Manuel Lanzini,2
324,Saïd Benrahma,5
325,Jarrod Bowen,4
326,Andriy Yarmolenko,1
327,Xande Silva,1
328,Michail Antonio,2
329,Alphonse Areola,1
330,Issa Diop,2
331,Ben Johnson,1
332,Mark Noble,1
333,Andriy Yarmolenko,1
334,Emiliano Martínez,3
335,Jed Steer,2
336,Tyrone Mings,3
337,Ezri Konsa,5
338,Axel Tuanzebe,1
339,Kortney Hause,1
340,Matt Targett,4
341,Ashley Young,1
342,Matty Cash,4
343,Frédéric Guilbert,2
344,Douglas Luiz,2
345,Marvelous Nakamba,3
346,John McGinn,4
347,Morgan Sanson,4
348,Conor Hourihane,1
349,Jacob Ramsey,4
350,Leon Bailey,4
351,Trezeguet,2
352,Emiliano Buendía,5
353,Bertrand Traoré,3
354,Anwar El Ghazi,2
355,Ollie Watkins,4
356,Danny Ings,3
357,Wesley,3
358,Keinan Davis,3
359,Jed Steer,2
360,Kortney Hause,1
361,Jacob Ramsey,4
362,Leon Bailey,4
363,Wesley,3
364,Freddie Woodman,2
365,Martin Dubravka,4
366,Karl Darlow,4
367,Mark Gillespie,2
368,Jamaal Lascelles,3
369,Fabian Schär,1
370,Ciaran Clark,2
371,Federico Fernández,2
372,Jamal Lewis,4
373,Paul Dummett,1
374,Matt Ritchie,2
375,Emil Krafth,2
376,Javier Manquillo,3
377,Isaac Hayden,5
378,Joe Willock,6
379,Sean Longstaff,1
380,Jonjo Shelvey,2
381,Jeff Hendrick,3
382,Matthew Longstaff,1
383,Miguel Almirón,3
384,Allan Saint-Maximin,5
385,Ryan Fraser,4
386,Jacob Murphy,6
387,Callum Wilson,3
388,Joelinton,4
389,Dwight Gayle,3
390,Mark Gillespie,2
391,Jamaal Lascelles,3
392,Jeff Hendrick,3
393,Ryan Fraser,4
394,Dwight Gayle,3
395,Marek Rodak,3
396,Paulo Gazzaniga,2
397,Fabri,0
398,Tosin Adarabioyo,2
399,Alfie Mawson,1
400,Michael Hector,1
401,Terence Kongolo,3
402,Maxime Le Marchand,1
403,Tim Ream,1
404,Antonee Robinson,3
405,Joe Bryan,2
406,Kenny Tete,3
407,Steven Sessegnon,1
408,Cyrus Christie,1
409,Denis Odoi,1
410,André Zambo Anguissa,2
411,Harrison Reed,3
412,Jean Michaël Seri,1
413,Tyrese Francois,1
414,Tom Cairney,3
415,Josh Onomah,2
416,Fábio Carvalho,1
417,Neeskens Kebano,1
418,Harry Wilson,5
419,Ivan Cavaleiro,3
420,Anthony Knockaert,2
421,Bobby Reid,2
422,Aleksandar Mitrovic,3
423,Aboubakar Kamara,3
424,Marek Rodak,3
425,Joe Bryan,2
426,Tyrese Francois,1
427,Ivan Cavaleiro,3
428,Jack Butland,2
429,Vicente Guaita,2
430,Remi Matthews,2
431,Joachim Andersen,5
432,Marc Guehi,5
433,Cheikhou Kouyaté,1
434,Nathan Ferguson,2
435,James Tomkins,1
436,Jaroslaw Jach,1
437,Tyrick Mitchell,4
438,Nathaniel Clyne,1
439,Joel Ward,2
440,Martin Kelly,0
441,Luka Milivojevic,2
442,Jairo Riedewald,3
443,Conor Gallagher,1
444,James McArthur,1
445,Jeffrey Schlupp,1
446,Eberechi Eze,4
447,Michael Olise,5
448,Wilfried Zaha,2
449,Jean-Philippe Mateta,1
450,Christian Benteke,2
451,Jordan Ayew,1
452,Jack Butland,2
453,Reece Hannam,2
454,Nathaniel Clyne,1
455,Scott Banks,2
456,Christian Benteke,2
457,Alex McCarthy,1
458,Fraser Forster,1
459,Harry Lewis,1
460,Jan Bednarek,4
461,Mohammed Salisu,3
462,Jack Stephens,1
463,Dynel Simeu,3
464,Romain Perraud,4
465,Kyle Walker-Peters,4
466,Valentino Livramento,5
467,Yan Valery,2
468,Ibrahima Diallo,3
469,Oriol Romeu,2
470,James Ward-Prowse,4
471,Stuart Armstrong,3
472,Will Smallbone,3
473,Nathan Redmond,2
474,Moussa Djenepo,2
475,Mohamed Elyounoussi,2
476,Theo Walcott,2
477,Nathan Tella,2
478,Ché Adams,3
479,Adam Armstrong,4
480,Michael Obafemi,1
481,Armando Broja,1
482,Shane Long,1
483,Fraser Forster,1
484,Kyle Walker-Peters,4
485,Ibrahima Diallo,3
486,Mohamed Elyounoussi,2
487,Nathan Tella,2
488,Robert Sánchez,4
489,Kjell Scherpen,fail
490,Jason Steele,2
491,Christian Walton,1
492,Lewis Dunk,4
493,Adam Webster,5
494,Shane Duffy,2
495,Dan Burn,2
496,Jan Paul van Hecke,2
497,Michal Karbownik,3
498,Tariq Lamptey,4
499,Joël Veltman,2
500,Tudor Baluta,1
501,Yves Bissouma,2
502,Enock Mwepu,4
503,Jakub Moder,4
504,Pascal Groß,1
505,Steven Alzate,3
506,Moisés Caicedo,4
507,Solly March,1
508,Alexis Mac Allister,2
509,Adam Lallana,2
510,Leandro Trossard,2
511,Percy Tau,1
512,Neal Maupay,2
513,Aaron Connolly,3
514,Jürgen Locadia,1
515,Danny Welbeck,1
516,Andi Zeqiri,3
517,Florin Andone,2
518,Jason Steele,2
519,Moisés Caicedo,4
520,Taylor Richards,1
521,Alexis Mac Allister,2
522,Florin Andone,2
523,Illan Meslier,5
524,Kristoffer Klaesson,4
525,Diego Llorente,3
526,Robin Koch,3
527,Pascal Struijk,3
528,Liam Cooper,3
529,Junior Firpo,4
530,Luke Ayling,2
531,Stuart Dallas,3
532,Kalvin Phillips,3
533,Mateusz Klich,3
534,Jamie Shackleton,3
535,Adam Forshaw,1
536,Robbie Gotts,1
537,Jordan Stevens,1
538,Jack Harrison,3
539,Raphinha,3
540,Hélder Costa,3
541,Ian Poveda,3
542,Rodrigo,3
543,Tyler Roberts,3
544,Patrick Bamford,1
545,Joe Gelhardt,3
546,Kristoffer Klaesson,4
547,Kalvin Phillips,3
548,Jamie Shackleton,3
549,Crysencio Summerville,2
550,Sam Greenwood,2
551,Nick Pope,2
552,Wayne Hennessey,2
553,Will Norris,2
554,James Tarkowski,1
555,Nathan Collins,4
556,Ben Mee,1
557,Kevin Long,2
558,Charlie Taylor,3
559,Erik Pieters,1
560,Matthew Lowton,2
561,Phil Bardsley,1
562,Jack Cork,1
563,Ashley Westwood,2
564,Josh Brownhill,3
565,Dale Stephens,1
566,Dwight McNeil,3
567,Jóhann Berg Gudmundsson,2
568,Chris Wood,2
569,Jay Rodríguez,1
570,Ashley Barnes,1
571,Matej Vydra,1
572,Wayne Hennessey,2
573,Bobby Thomas,fail
574,Phil Bardsley,1
575,Lewis Richardson,1
576,Ashley Barnes,1
577,Aaron Ramsdale,3
578,Michael Verrips,2
579,Wes Foderingham,2
580,Jake Eastwood,1
581,John Egan,3
582,Jack O'Connell,2
583,Chris Basham,1
584,Enda Stevens,2
585,Max Lowe,3
586,Jack Robinson,1
587,Rhys Norrington-Davies,3
588,Jayden Bogle,3
589,George Baldock,1
590,Sander Berge,3
591,Regan Slater,1
592,John Fleck,2
593,Oliver Norwood,2
594,Ben Osborn,1
595,Luke Freeman,1
596,Iliman Ndiaye,1
597,Rhian Brewster,4
598,Oliver McBurnie,2
599,Lys Mousset,1
600,Oliver Burke,2
601,David McGoldrick,1
602,Daniel Jebbison,2
603,Billy Sharp,1
604,Michael Verrips,2
605,Jayden Bogle,3
606,Ben Osborn,1
607,Oliver McBurnie,2
608,Sam Johnstone,1
609,David Button,1
610,Alex Palmer,2
611,Semi Ajayi,2
612,Dara O'Shea,2
613,Matt Clarke,1
614,Kyle Bartley,2
615,Cédric Kipré,3
616,Caleb Taylor,3
617,Conor Townsend,3
618,Darnell Furlong,4
619,Taylor Gardner-Hickman,fail
620,Ethan Ingram,3
621,Jake Livermore,1
622,Alex Mowatt,3
623,Romaine Sawyers,1
624,Adam Reach,3
625,Rico Richards,2
626,Grady Diangana,4
627,Matt Phillips,3
628,Robert Snodgrass,1
629,Rayhaan Tulloch,3
630,Karlan Grant,5
631,Callum Robinson,4
632,Kenneth Zohore,2
633,David Button,1
634,Cédric Kipré,3
635,Matt Phillips,3
636,Kenneth Zohore,2
637,Marc-André ter Stegen,4
638,Neto,2
639,Iñaki Peña,2
640,Ronald Araújo,2
641,Clément Lenglet,5
642,Eric García,5
643,Óscar Mingueza,2
644,Gerard Piqué,3
645,Samuel Umtiti,2
646,Jordi Alba,3
647,Sergiño Dest,4
648,Emerson Royal,3
649,Moussa Wagué,2
650,Sergio Busquets,2
651,Frenkie de Jong,5
652,Pedri,1
653,Miralem Pjanić,3
654,Riqui Puig,2
655,Sergi Roberto,1
656,Philippe Coutinho,2
657,Ansu Fati,1
658,Ousmane Dembélé,1
659,Álex Collado,2
660,Antoine Griezmann,3
661,Memphis Depay,2
662,Sergio Agüero,2
663,Martin Braithwaite,3
664,Rey Manaj,2
665,Iñaki Peña,2
666,Ronald Araújo,2
667,Álex Balde,3
668,Nico González,3
669,Sergi Roberto,1
670,Gavi,2
671,Cristian Romero,1
672,Thibaut Courtois,3
673,Andriy Lunin,3
674,David Alaba,5
675,Éder Militão,4
676,Nacho Fernández,2
677,Jesús Vallejo,4
678,Ferland Mendy,4
679,Marcelo,1
680,Daniel Carvajal,4
681,Álvaro Odriozola,3
682,Casemiro,2
683,Fede Valverde,4
684,Toni Kroos,2
685,Dani Ceballos,2
686,Luka Modric,1
687,Martin Ødegaard,2
688,Isco,1
689,Eden Hazard,3
690,Vinícius Júnior,4
691,Marco Asensio,2
692,Rodrygo,4
693,Gareth Bale,1
694,Lucas Vázquez,3
695,Karim Benzema,1
696,Luka Jovic,4
697,Mariano Díaz,2
698,Toni Fuidias,1
699,Miguel Gutiérrez,3
700,Antonio Blanco,1
701,Vinícius Júnior,4
702,Rodrygo,4
703,Martin Ødegaard,2
704,Jan Oblak,2
705,Ivo Grbic,3
706,José María Giménez,4
707,Mario Hermoso,3
708,Stefan Savic,3
709,Felipe,1
710,Nehuén Pérez,3
711,Francisco Montero,3
712,Renan Lodi,4
713,Manu Sánchez,4
714,Kieran Trippier,2
715,Santiago Arias,2
716,Sime Vrsaljko,1
717,Marcos Llorente,3
718,Koke,3
719,Rodrigo de Paul,5
720,Saúl Ñíguez,5
721,Geoffrey Kondogbia,3
722,Héctor Herrera,1
723,Thomas Lemar,2
724,Yannick Carrasco,3
725,Marcos Paulo,5
726,Ángel Correa,3
727,João Félix,5
728,Luis Suárez,1
729,Ivan Saponjic,1
730,Ivo Grbic,3
731,Sime Vrsaljko,1
732,Geoffrey Kondogbia,3
733,Vitolo,1
734,Moussa Dembélé,2
735,Bono,3
736,Marko Dmitrovic,4
737,Javi Díaz,1
738,Jules Koundé,3
739,Diego Carlos,3
740,Karim Rekik,4
741,Joris Gnagnon,2
742,Marcos Acuña,3
743,Ludwig Augustinsson,4
744,Gonzalo Montiel,5
745,Alejandro Pozo,2
746,Jesús Navas,3
747,Nemanja Gudelj,2
748,Ibrahim Amadou,1
749,Fernando Reges,1
750,Joan Jordán,2
751,Óliver Torres,3
752,Ivan Rakitic,3
753,Óscar Rodríguez,4
754,Lucas Ocampos,3
755,Oussama Idrissi,4
756,Suso,4
757,Erik Lamela,3
758,Rony Lopes,3
759,Papu Gómez,3
760,Youssef En-Nesyri,4
761,Luuk de Jong,2
762,Munir El Haddadi,2
763,Bono,3
764,Joris Gnagnon,2
765,Jesús Navas,3
766,Ivan Rakitic,3
767,Óscar Rodríguez,4
768,Luuk de Jong,2
769,Jules Koundé,3
770,Jasper Cillessen,2
771,Jaume Doménech,2
772,Giorgi Mamardashvili,1
773,Cristian Rivero,3
774,Gabriel Paulista,3
775,Mouctar Diakhaby,2
776,Hugo Guillamón,2
777,Omar Alderete,1
778,José Gayà,2
779,Toni Lato,2
780,Daniel Wass,1
781,Thierry Correia,3
782,Cristiano Piccini,1
783,Carlos Soler,2
784,Uros Racic,3
785,Koba Koindredi,4
786,Kang-in Lee,1
787,Gonçalo Guedes,2
788,Denis Cheryshev,1
789,Álex Blanco,1
790,Yunus Musah,5
791,Jason,1
792,Maxi Gómez,3
793,Manu Vallejo,3
794,Rubén Sobrino,1
795,Cristian Rivero,3
796,Jesús Vázquez,2
797,Uros Racic,3
798,Jason,1
799,Rubén Sobrino,1
800,Kang-in Lee,1
801,Álex Remiro,2
802,Mathew Ryan,2
803,Robin Le Normand,3
804,Aritz Elustondo,3
805,Modibo Sagnan,3
806,Jon Pacheco,4
807,Aihen Muñoz,1
808,Diego Rico,2
809,Nacho Monreal,1
810,Andoni Gorosabel,3
811,Joseba Zaldua,2
812,Martín Zubimendi,4
813,Igor Zubeldia,3
814,Asier Illarramendi,2
815,Mikel Merino,4
816,Ander Guevara,3
817,Jon Guridi,3
818,David Silva,1
819,Robert Navarro,1
820,Mikel Oyarzabal,3
821,Ander Barrenetxea,6
822,Portu,3
823,Adnan Januzaj,1
824,Alexander Isak,5
825,Willian José,3
826,Carlos Fernández,5
827,Jon Bautista,2
828,Gaizka Ayesa,3
829,Andoni Gorosabel,3
830,Ander Guevara,3
831,Robert Navarro,1
832,Jon Bautista,2
833,Sergio Asenjo,1
834,Gerónimo Rulli,3
835,Pau Torres,3
836,Juan Foyth,5
837,Aïssa Mandi,4
838,Jorge Cuenca,4
839,Raúl Albiol,1
840,Soufiane Chakla,1
841,Alfonso Pedraza,4
842,Pervis Estupiñán,6
843,Alberto Moreno,3
844,Mario Gaspar,2
845,Rubén Peña,3
846,Francis Coquelin,3
847,Étienne Capoue,2
848,Manu Trigueros,1
849,Dani Parejo,3
850,Manu Morlanes,2
851,Vicente Iborra,3
852,Yeremi Pino,3
853,Moi Gómez,4
854,Javi Ontiveros,3
855,Álex Baena,4
856,Samuel Chukwueze,2
857,Dani Raba,2
858,Gerard Moreno,6
859,Paco Alcácer,4
860,Boulaye Dia,5
861,Fer Niño,3
862,Gerónimo Rulli,3
863,Aïssa Mandi,4
864,Rubén Peña,3
865,Vicente Iborra,3
866,Moi Gómez,4
867,Paco Alcácer,4
868,Rui Silva,5
869,Joel Robles,1
870,Claudio Bravo,1
871,Marc Bartra,2
872,Sidnei,1
873,Víctor Ruiz,2
874,Juan Miranda,3
875,Álex Moreno,3
876,Youssouf Sabaly,5
877,Martín Montoya,3
878,Guido Rodríguez,3
879,William Carvalho,2
880,Edgar González,2
881,Paul Akouokou,3
882,Andrés Guardado,1
883,Víctor Camarasa,1
884,Nabil Fekir,2
885,Sergio Canales,2
886,Rodri Sánchez,3
887,Diego Lainez,3
888,Cristian Tello,1
889,Yassin Fekir,2
890,Juanmi,3
891,Aitor Ruibal,4
892,Joaquín,1
893,Rober González,3
894,Borja Iglesias,3
895,Loren Morón,3
896,Claudio Bravo,1
897,José Calderón,2
898,William Carvalho,2
899,Andrés Guardado,1
900,Rober González,3
901,Juanmi,3
902,Unai Simón,4
903,Jokin Ezkieta,2
904,Unai Núñez,4
905,Iñigo Martínez,2
906,Yeray Álvarez,5
907,Dani Vivian,2
908,Yuri Berchiche,1
909,Mikel Balenziaga,1
910,Ander Capa,1
911,Óscar de Marcos,1
912,Iñigo Lekue,2
913,Álex Petxa,3
914,Peru Nolaskoain,3
915,Mikel Vesga,3
916,Unai López,1
917,Unai Vencedor,4
918,Dani García,1
919,Oier Zarraga,2
920,Iker Muniain,3
921,Oihan Sancet,1
922,Álex Berenguer,3
923,Jon Morcillo,2
924,Iñigo Córdoba,1
925,Nico Williams,fail
926,Iñaki Williams,7
927,Asier Villalibre,2
928,Raúl García,1
929,Kenan Kodro,1
930,Iago Herrerín,0
931,Iñigo Martínez,2
932,Dani García,1
933,Jon Morcillo,2
934,Iñaki Williams,7
935,David Soria,2
936,Rubén Yáñez,2
937,Diego Conde,3
938,Djené,2
939,Erick Cabaco,3
940,Stefan Mitrovic,3
941,Ignasi Miquel,2
942,Chema,2
943,Miguel Rubio,2
944,Mathí­as Olivera,2
945,Allan Nyom,1
946,Damián Suárez,1
947,Juan Iglesias,1
948,David Timor,1
949,Mauro Arambarri,2
950,Carles Aleñá,5
951,Nemanja Maksimovic,3
952,Marc Cucurella,3
953,Vitolo,1
954,Josete Miranda,1
955,José Macías,1
956,Enes Ünal,4
957,Hugo Duro,1
958,Jaime Mata,3
959,Sandro Ramírez,1
960,Darío Poveda,5
961,Rubén Yáñez,2
962,Chema,2
963,Juan Iglesias,1
964,Vitolo,1
965,Hugo Duro,1
966,Kang-in Lee,1
967,Rubén Blanco,2
968,Matías Dituro,1
969,Néstor Araújo,2
970,Joseph Aidoo,3
971,Jose Fontán,4
972,Javi Galán,5
973,Hugo Mallo,2
974,Kevin Vázquez,2
975,Renato Tapia,3
976,Okay Yokuslu,2
977,Fran Beltrán,2
978,Denis Suárez,2
979,Miguel Baeza,4
980,Franco Cervi,3
981,Nolito,1
982,Brais Méndez,3
983,Augusto Solari,2
984,Emre Mor,1
985,Santi Mina,3
986,Iago Aspas,2
987,Patrick Sequeira,1
988,Joseph Aidoo,3
989,David Juncà,1
990,Renato Tapia,3
991,Miguel Baeza,4
992,Hugo Sotelo,fail
993,Okay Yokuslu,2
994,Fernando Pacheco,2
995,Antonio Sivera,1
996,Fabrice Ondoa,3
997,Florian Lejeune,3
998,Víctor Laguardia,1
999,Tachi,2
1000,Rubén Duarte,2
1001,Saúl García,2
1002,Javi López,2
1003,Martín Aguirregabiria,1
1004,Ximo Navarro,1
1005,Carlos Isaac,2
1006,Pere Pons,1
1007,Mamadou Loum,1
1008,Tomás Pina,1
1009,Toni Moya,2
1010,Manu García,1
1011,Iván Martín,1
1012,Luis Rioja,2
1013,Facundo Pellistri,1
1014,Edgar Méndez,1
1015,Joselu,1
1016,Lucas Pérez,1
1017,John Guidetti,1
1018,Taichi Hara,2
1019,Antonio Sivera,1
1020,Tachi,2
1021,Javi López,2
1022,Toni Moya,2
1023,Facundo Pellistri,1
1024,Taichi Hara,2
1025,Aitor Fernández,2
1026,Dani Cárdenas,1
1027,Koke Vegas,1
1028,Rúben Vezo,3
1029,Rober Pier,2
1030,Sergio Postigo,2
1031,Óscar Duarte,1
1032,Carlos Clerc,1
1033,Enric Franquesa,4
1034,Jorge Miramón,1
1035,Son,3
1036,Coke,1
1037,Mickaël Malsa,3
1038,Pepelu,1
1039,Nemanja Radoja,1
1040,Nikola Vukcevic,1
1041,José Campaña,2
1042,Gonzalo Melero,2
1043,Pablo Martínez,3
1044,Enis Bardhi,1
1045,Jorge de Frutos,4
1046,Hernâni,1
1047,Roger Martí,3
1048,José Luis Morales,2
1049,Dani Gómez,4
1050,Sergio León,1
1051,Roberto Soldado,2
1052,Dani Cárdenas,1
1053,Enric Franquesa,4
1054,Jorge Miramón,1
1055,Nemanja Radoja,1
1056,Pablo Martínez,3
1057,Alejandro Cantero,2
1058,Yoel Rodríguez,3
1059,Ander Cantero,3
1060,Esteban Burgos,1
1061,Anaitz Arbilla,2
1062,Frederico Venâncio,3
1063,Xabi Etxeita,1
1064,Toño García,1
1065,Cristian Glauder,2
1066,Álvaro Tejero,3
1067,Rober Correa,3
1068,Edu Expósito,3
1069,Sergio Álvarez,1
1070,Óscar Sielva,3
1071,Javi Muñoz,2
1072,Roberto Olabe,2
1073,Miguel Atienza,2
1074,Stoichkov,3
1075,Ager Aketxe,2
1076,Yanis Rahmani,4
1077,José Corpas,3
1078,Franchu,3
1079,Quique González,3
1080,Fran Sol,1
1081,Gustavo Blanco Leschuk,1
1082,Ángel Troncho,1
1083,Esteban Burgos,1
1084,Miguel Atienza,2
1085,Roberto Olabe,2
1086,Quique González,3
1087,Aarón Escandell,2
1088,Domingos Duarte,2
1089,Luis Abram,3
1090,Germán Sánchez,1
1091,Neyder Lozano,1
1092,Carlos Neva,4
1093,Adrián Marín,2
1094,Dimitri Foulquier,2
1095,Víctor Díaz,1
1096,Quini,2
1097,Pepe Sánchez,1
1098,Maxime Gonalons,2
1099,Luis Milla,3
1100,Monchu,4
1101,Yan Eteki,1
1102,Ángel Montoro,1
1103,Ramon Azeez,1
1104,Darwin Machís,2
1105,Antonio Puertas,3
1106,Alberto Soro,4
1107,Luis Suárez,4
1108,Carlos Bacca,1
1109,Antoñín,3
1110,Jorge Molina,1
1111,Rui Silva,5
1112,Nehuén Pérez,3
1113,Víctor Díaz,1
1114,Domingos Quina,1
1115,Roberto Soldado,2
1116,Sergio Herrera,2
1117,Juan Pérez,3
1118,David García,5
1119,Aridane Hernández,2
1120,Unai García,2
1121,Jonás Ramalho,1
1122,Juan Cruz,2
1123,Cote,2
1124,Nacho Vidal,4
1125,Jesús Areso,5
1126,Lucas Torró,3
1127,Oier,1
1128,Jon Moncayola,10
1129,Darko Brasanac,2
1130,Jaume Grau,1
1131,Iñigo Pérez,1
1132,Roberto Torres,2
1133,Javi Martínez,2
1134,Rubén García,3
1135,Kike Barja,2
1136,Rober Ibáñez,2
1137,Chimy Ávila,2
1138,Ante Budimir,4
1139,Kike García,3
1140,Barbero,2
1141,Juan Pérez,3
1142,Jonás Ramalho,1
1143,Juan Cruz,2
1144,Oier,1
1145,Javi Martínez,2
1146,Barbero,2
1147,Jordi Masip,1
1148,Roberto,2
1149,José Antonio Caro,1
1150,Javi Sánchez,3
1151,Joaquín Fernández,2
1152,Jawad El Yamiq,3
1153,Kiko Olivas,1
1154,Bruno González,1
1155,Lucas Olaza,4
1156,Nacho Martínez,1
1157,Raúl Carnero,2
1158,Moi Delgado,1
1159,Roberto Corral,1
1160,Saidy Janko,3
1161,Luis Pérez,2
1162,Rubén Alcaraz,2
1163,Fede San Emeterio,2
1164,Roque Mesa,2
1165,Anuar,2
1166,Kike Pérez,4
1167,El Hacen,2
1168,Álvaro Aguado,2
1169,Toni Villa,2
1170,Óscar Plano,2
1171,Pablo Hervías,1
1172,Fabián Orellana,1
1173,Víctor García,2
1174,Kuki Zalazar,1
1175,Shon Weissman,3
1176,Marcos André,2
1177,Sergi Guardiola,2
1178,Sekou Gassama,3
1179,Sergio Benito,2
1180,Jordi Masip,1
1181,Nacho Martínez,1
1182,Rubén Alcaraz,2
1183,Álvaro Aguado,2
1184,Álvaro Fernández,2
1185,Miguel San Román,2
1186,Andrés Fernández,2
1187,Antonio Valera,1
1188,Dimitrios Siovas,1
1189,Jorge Pulido,1
1190,Pablo Insua,2
1191,Florian Miguel,2
1192,Julio Buffarini,2
1193,Andrei Ratiu,3
1194,Jaime Seoane,1
1195,Pedro Mosquera,1
1196,Cristian Salvador,3
1197,Mikel Rico,1
1198,Borja García,2
1199,Kelechi Nwakali,1
1200,Marc Mateu,2
1201,Enzo Lombardo,3
1202,Joaquín Muñoz,2
1203,David Ferreiro,2
1204,Dani Escriche,1
1205,Enzo Lombardo,3
1206,Florian Miguel,2
1207,Pedro Mosquera,1
1208,Alberto Fuentes,1
1209,Édgar Badía,1
1210,Kiko Casilla,1
1211,Enzo Roco,2
1212,Pedro Bigas,2
1213,Diego González,1
1214,Josema,2
1215,Gonzalo Verdú,2
1216,Johan Mojica,3
1217,Helibelton Palacios,1
1218,Antonio Barragán,1
1219,Iván Marcone,2
1220,Luismi,1
1221,Raúl Guti,4
1222,Fidel,1
1223,Pere Milla,1
1224,Tete Morente,3
1225,Pablo Piatti,1
1226,Josan,1
1227,Lucas Boyé,3
1228,Guido Carrillo,1
1229,Édgar Badía,1
1230,Johan Mojica,3
1231,Helibelton Palacios,1
1232,Luismi,1
1233,Víctor Rodríguez,0
1234,Guido Carrillo,1
1235,Jeremías Ledesma,4
1236,David Gil,2
1237,Fali,3
1238,Marcos Mauro,1
1239,Juan Cala,3
1240,Varazdat Haroyan,2
1241,Víctor Chust,1
1242,Santiago Arzamendia,4
1243,Alfonso Espino,2
1244,Iza Carcelén,2
1245,Carlos Akapo,1
1246,Jens Jönsson,1
1247,Tomás Alarcón,4
1248,Jon Ander Garrido,2
1249,José Mari,1
1250,Martín Calderón,3
1251,Álex Fernández,1
1252,Jorge Pombo,2
1253,Alberto Perea,2
1254,Salvi Sánchez,1
1255,Iván Alejo,4
1256,Filip Malbasic,2
1257,Álvaro Jiménez,4
1258,Choco Lozano,2
1259,Álvaro Giménez,2
1260,Álvaro Negredo,1
1261,Nano Mesa,3
1262,Milutin Osmajic,3
1263,Juan Flere,1
1264,Juan Cala,3
1265,Marcos Mauro,1
1266,Álvaro Bastida,1
1267,Alberto Perea,2
1268,Ivan Chapela,1
1269,Wojciech Szczesny,3
1270,Mattia Perin,1
1271,Carlo Pinsoglio,2
1272,Matthijs de Ligt,3
1273,Leonardo Bonucci,3
1274,Daniele Rugani,2
1275,Radu Dragusin,4
1276,Giorgio Chiellini,2
1277,Alex Sandro,2
1278,Luca Pellegrini,4
1279,Danilo,3
1280,Juan Cuadrado,1
1281,Mattia De Sciglio,1
1282,Arthur,4
1283,Rodrigo Bentancur,3
1284,Adrien Rabiot,2
1285,Weston McKennie,4
1286,Aaron Ramsey,2
1287,Hans Nicolussi Caviglia,2
1288,Nicolò Fagioli,2
1289,Federico Chiesa,1
1290,Dejan Kulusevski,4
1291,Federico Bernardeschi,1
1292,Paulo Dybala,1
1293,Cristiano Ronaldo,1
1294,Álvaro Morata,1
1295,Gianluigi Buffon,2
1296,Leonardo Bonucci,3
1297,Gianluca Frabotta,1
1298,Arthur,4
1299,Félix Correia,1
1300,Cristiano Ronaldo,1
1301,Ionut Radu,3
1302,Samir Handanovic,1
1303,Gabriel Brazão,3
1304,Alex Cordaz,1
1305,Milan Skriniar,2
1306,Alessandro Bastoni,3
1307,Stefan de Vrij,2
1308,Andrea Ranocchia,1
1309,Federico Dimarco,2
1310,Aleksandar Kolarov,1
1311,Matteo Darmian,3
1312,Danilo D'Ambrosio,1
1313,Marcelo Brozovic,1
1314,Lucien Agoume,1
1315,Nicolò Barella,3
1316,Roberto Gagliardini,2
1317,Stefano Sensi,3
1318,Matías Vecino,1
1319,Arturo Vidal,1
1320,Denzel Dumfries,4
1321,Valentino Lazaro,3
1322,Ivan Perisic,1
1323,Christian Eriksen,3
1324,Hakan Calhanoglu,3
1325,Lautaro Martínez,2
1326,Andrea Pinamonti,3
1327,Eddie Salcedo,3
1328,Alexis Sánchez,2
1329,Edin Dzeko,2
1330,Facundo Colidio,2
1331,Martín Satriano,3
1332,Daniele Padelli,2
1333,Milan Skriniar,2
1334,Nicolò Barella,3
1335,Ivan Perisic,1
1336,Romelu Lukaku,5
1337,Héctor Bellerín,2
1338,Alex Meret,2
1339,David Ospina,1
1340,Nikita Contini,4
1341,Hubert Idasiak,fail
1342,Kalidou Koulibaly,2
1343,Konstantinos Manolas,3
1344,Amir Rrahmani,3
1345,Mário Rui,4
1346,Faouzi Ghoulam,1
1347,Filippo Costa,1
1348,Giovanni Di Lorenzo,5
1349,Kévin Malcuit,1
1350,Alessandro Zanoli,2
1351,Diego Demme,3
1352,Stanislav Lobotka,3
1353,Luca Palmiero,2
1354,Zinédine Machach,1
1355,Fabián Ruiz,2
1356,Eljif Elmas,4
1357,Karim Zedadka,fail
1358,Piotr Zielinski,3
1359,Gianluca Gaetano,2
1360,Lorenzo Insigne,1
1361,Hirving Lozano,3
1362,Matteo Politano,3
1363,Adam Ounas,1
1364,Victor Osimhen,4
1365,Andrea Petagna,3
1366,Dries Mertens,1
1367,Nikita Contini,4
1368,Davide Costanzo,5
1369,Diego Demme,3
1370,Eljif Elmas,4
1371,Giuseppe D'Agostino,1
1372,Dries Mertens,1
1373,Mady Camara,3
1374,Mike Maignan,5
1375,Alessandro Plizzari,2
1376,Ciprian Tatarusanu,2
1377,Fikayo Tomori,4
1378,Alessio Romagnoli,1
1379,Simon Kjaer,1
1380,Matteo Gabbia,3
1381,Theo Hernández,3
1382,Fodé Ballo-Touré,4
1383,Davide Calabria,4
1384,Pierre Kalulu,4
1385,Andrea Conti,1
1386,Ismaël Bennacer,3
1387,Sandro Tonali,5
1388,Franck Kessié,1
1389,Tommaso Pobega,4
1390,Rade Krunic,3
1391,Brahim Díaz,2
1392,Daniel Maldini,3
1393,Ante Rebic,4
1394,Alexis Saelemaekers,3
1395,Samu Castillejo,2
1396,Rafael Leão,3
1397,Olivier Giroud,2
1398,Zlatan Ibrahimovic,1
1399,Ciprian Tatarusanu,2
1400,Alessio Romagnoli,1
1401,Pierre Kalulu,4
1402,Rade Krunic,3
1403,Daniel Maldini,3
1404,Samu Castillejo,2
1405,Jens Petter Hauge,1
1406,Rui Patrício,3
1407,Robin Olsen,2
1408,Daniel Fuzato,2
1409,Matteo Cardinali,2
1410,Pietro Boer,3
1411,Gianluca Mancini,3
1412,Roger Ibañez,4
1413,Marash Kumbulla,1
1414,Chris Smalling,2
1415,Federico Fazio,1
1416,William Bianda,2
1417,Amir Feratovic,3
1418,Leonardo Spinazzola,3
1419,Matías Viña,5
1420,Riccardo Calafiori,4
1421,Alessandro Florenzi,2
1422,Rick Karsdorp,4
1423,Bryan Reynolds,4
1424,Davide Santon,1
1425,Amadou Diawara,3
1426,Steven Nzonzi,1
1427,Ebrima Darboe,2
1428,Filippo Tripi,3
1429,Lorenzo Pellegrini,1
1430,Jordan Veretout,3
1431,Bryan Cristante,3
1432,Gonzalo Villar,3
1433,Edoardo Bove,3
1434,Nicolò Zaniolo,3
1435,Henrikh Mkhitaryan,1
1436,Javier Pastore,2
1437,Alessio Riccardi,2
1438,Nicola Zalewski,3
1439,Ante Coric,2
1440,Stephan El Shaarawy,2
1441,Ruben Providence,3
1442,Riccardo Ciervo,3
1443,Carles Pérez,3
1444,Pedro,2
1445,Borja Mayoral,1
1446,Eldor Shomurodov,5
1447,Zan Celar,2
1448,Pietro Boer,3
1449,Juan Jesus,0
1450,Amadou Diawara,3
1451,Nicola Zalewski,3
1452,Riccardo Ciervo,3
1453,Anwar El Ghazi,2
1454,Thomas Strakosha,1
1455,Pepe Reina,1
1456,Marius Adamonis,1
1457,Luiz Felipe,1
1458,Francesco Acerbi,2
1459,Patric,1
1460,Denis Vavro,3
1461,Stefan Radu,2
1462,Jordan Lukaku,1
1463,Dimitrije Kamenovic,5
1464,Riza Durmisi,2
1465,Elseid Hysaj,4
1466,Tiago Casasola,2
1467,Lucas Leiva,1
1468,Patryk Dziczek,3
1469,Sergej Milinković-Savić,3
1470,Luis Alberto,4
1471,Jean-Daniel Akpa Akpro,3
1472,Gonzalo Escalante,3
1473,Danilo Cataldi,3
1474,Sofian Kiyine,3
1475,Fabio Maistro,1
1476,Manuel Lazzari,3
1477,Adam Marusic,1
1478,Djavan Anderson,2
1479,Mohamed Fares,4
1480,André Anderson,2
1481,Felipe Anderson,4
1482,Jony,2
1483,Raúl Moro,1
1484,Emanuele Cicerelli,2
1485,Bobby Adekanye,1
1486,Cristiano Lombardi,1
1487,Joaquín Correa,3
1488,Ciro Immobile,4
1489,Vedat Muriqi,4
1490,Felipe Caicedo,1
1491,Cedric Gondo,2
1492,Simone Palombi,1
1493,Pepe Reina,1
1494,Nicolò Armini,1
1495,Marco Bertini,fail
1496,Mohamed Fares,4
1497,Felipe Caicedo,1
1498,Juan Musso,4
1499,Marco Sportiello,1
1500,Francesco Rossi,fail
1501,Merih Demiral,1
1502,Berat Djimsiti,2
1503,Rafael Tolói,2
1504,José Luis Palomino,1
1505,Matteo Lovato,4
1506,Bosko Sutalo,3
1507,David Heidenreich,3
1508,Robin Gosens,2
1509,Giuseppe Pezzella,1
1510,Joakim Maehle,4
1511,Hans Hateboer,2
1512,Enrico Del Prato,1
1513,Federico Mattiello,1
1514,Marten de Roon,3
1515,Marco Carraro,1
1516,Remo Freuler,1
1517,Mario Pasalic,4
1518,Jacopo Da Riva,3
1519,Simone Muratore,2
1520,Arkadiusz Reca,1
1521,Ruslan Malinovskyi,2
1522,Matteo Pessina,4
1523,Aleksey Miranchuk,3
1524,Bryan Cabezas,1
1525,Josip Ilicic,1
1526,Duván Zapata,2
1527,Luis Muriel,2
1528,Sam Lammers,2
1529,Roberto Piccoli,fail
1530,Marco Tumminello,1
1531,Francesco Rossi,fail
1532,Bosko Sutalo,3
1533,José Luis Palomino,1
1534,Mario Pasalic,4
1535,Josip Ilicic,1
1536,Luis Muriel,2
1537,Bartlomiej Dragowski,2
1538,Pietro Terracciano,2
1539,Michele Cerofolini,2
1540,Federico Brancolini,1
1541,Antonio Rosati,fail
1542,Nikola Milenkovic,1
1543,Lucas Martínez Quarta,4
1544,Germán Pezzella,1
1545,Igor,3
1546,Luca Ranieri,3
1547,Christian Dalle Mura,2
1548,Cristiano Biraghi,3
1549,Aleksa Terzic,3
1550,Pol Lirola,3
1551,Lorenzo Venuti,3
1552,Gabriele Ferrarini,2
1553,Sofyan Amrabat,3
1554,Erick Pulgar,2
1555,Gaetano Castrovilli,3
1556,Alfred Duncan,3
1557,Marco Benassi,3
1558,Giacomo Bonaventura,1
1559,Youssef Maleh,3
1560,Alessandro Bianco,fail
1561,Riccardo Saponara,1
1562,Tòfol Montiel,2
1563,Nicolás González,5
1564,Riccardo Sottil,3
1565,José Callejón,1
1566,Dusan Vlahovic,2
1567,Christian Kouamé,3
1568,Aleksandr Kokorin,3
1569,Louis Munteanu,4
1570,Bartlomiej Dragowski,2
1571,Lucas Martínez Quarta,4
1572,Aleksa Terzic,3
1573,Alessandro Bianco,fail
1574,Alfred Duncan,3
1575,Riccardo Sottil,3
1576,Dusan Vlahovic,2
1577,Alessio Cragno,3
1578,Boris Radunović,4
1579,Simone Aresti,fail
1580,Sebastian Walukiewicz,3
1581,Andrea Carboni,4
1582,Diego Godín,2
1583,Luca Ceppitelli,1
1584,Adam Obert,fail
1585,Giorgio Altare,4
1586,Dalbert,1
1587,Charalampos Lykogiannis,1
1588,Gabriele Zappa,4
1589,Paolo Faragò,1
1590,Christian Oliva,2
1591,Riccardo Ladinetti,3
1592,Razvan Marin,4
1593,Marko Rog,3
1594,Kevin Strootman,1
1595,Alessandro Deiola,1
1596,Roberto Biancu,3
1597,Nahitan Nández,3
1598,Gastón Pereiro,3
1599,Diego Farias,1
1600,João Pedro,2
1601,Giovanni Simeone,3
1602,Leonardo Pavoletti,3
1603,Alberto Cerri,3
1604,Damir Ceter,1
1605,Simone Aresti,fail
1606,Adam Obert,fail
1607,Luca Ceppitelli,1
1608,Christian Oliva,2
1609,Gastón Pereiro,3
1610,Alberto Cerri,3
1611,Etrit Berisha,3
1612,Vanja Milinković-Savić,3
1613,Luca Gemello,1
1614,Razvan Sava,2
1615,Bremer,2
1616,Armando Izzo,3
1617,Lyanco,3
1618,Alessandro Buongiorno,3
1619,Koffi Djidji,2
1620,Christian Celesia,2
1621,Ricardo Rodríguez,3
1622,Cristian Ansaldi,1
1623,Wilfried Singo,2
1624,Ola Aina,2
1625,Mërgim Vojvoda,3
1626,Rolando Mandragora,1
1627,Tomás Rincón,1
1628,Karol Linetty,3
1629,Daniele Baselli,1
1630,Sasa Lukic,3
1631,Jacopo Segre,2
1632,Ibrahim Karamoko,2
1633,Simone Verdi,2
1634,Ben Lhassine Kone,2
1635,Marko Pjaca,1
1636,Vincenzo Millico,2
1637,Magnus Warming,3
1638,Dennis Stojkovic,fail
1639,Iago Falque,1
1640,Simone Edera,2
1641,Andrea Belotti,1
1642,Antonio Sanabria,4
1643,Simone Zaza,2
1644,Nicola Rauti,fail
1645,Salvatore Sirigu,1
1646,Lyanco,3
1647,Altin Kryeziu,2
1648,Karol Linetty,3
1649,Andrea Belotti,1
1650,Andrea Consigli,1
1651,Giacomo Satalino,fail
1652,Gianluca Pegolo,1
1653,Gian Marco Ferrari,2
1654,Kaan Ayhan,3
1655,Vlad Chiriches,2
1656,Filippo Romagna,fail
1657,Edoardo Goldaniga,1
1658,Federico Peluso,1
1659,Rogério,3
1660,Georgios Kyriakopoulos,3
1661,Mert Müldür,3
1662,Jeremy Toljan,4
1663,Manuel Locatelli,2
1664,Francesco Magnanelli,1
1665,Matheus Henrique,1
1666,Maxime López,4
1667,Davide Frattesi,4
1668,Pedro Obiang,2
1669,Mehdi Bourabia,fail
1670,Marco Pinato,2
1671,Marco Sala,2
1672,Hamed Junior Traorè,3
1673,Filip Djuricic,1
1674,Jérémie Boga,1
1675,Lukas Haraslin,2
1676,Nicholas Pierini,1
1677,Giacomo Manzari,fail
1678,Domenico Berardi,3
1679,Brian Oddei,3
1680,Enrico Brignola,2
1681,Giacomo Raspadori,3
1682,Gianluca Scamacca,4
1683,Francesco Caputo,2
1684,Grégoire Defrel,3
1685,Gianluca Pegolo,1
1686,Federico Peluso,1
1687,Rogério,3
1688,Mehdi Bourabia,fail
1689,Hamed Junior Traorè,3
1690,Francesco Caputo,2
1691,Manuel Locatelli,2
1692,Marco Silvestri,3
1693,Simone Scuffet,1
1694,Daniele Padelli,2
1695,Samir,2
1696,Bram Nuytinck,2
1697,Rodrigo Becão,3
1698,Sebastien De Maio,1
1699,Marvin Zeegelaar,1
1700,Destiny Udogie,1
1701,Jan Kubala,1
1702,Nahuel Molina,5
1703,Jens Stryger Larsen,1
1704,Walace,3
1705,Mato Jajalo,1
1706,Tolgay Arslan,1
1707,Jean-Victor Makengo,4
1708,Martin Palumbo,4
1709,Roberto Pereyra,2
1710,Lazar Samardzic,5
1711,Petar Micin,1
1712,Gerard Deulofeu,3
1713,Ignacio Pussetto,1
1714,Ryder Matos,1
1715,Fernando Forestieri,1
1716,Stefano Okaka,1
1717,Cristo,3
1718,Ilija Nestorovski,1
1719,Fernando Llorente,1
1720,Lukasz Teodorczyk,1
1721,Edoardo Piana,fail
1722,Sebastien De Maio,1
1723,Marvin Zeegelaar,1
1724,Tolgay Arslan,1
1725,Lazar Samardzic,5
1726,Fernando Forestieri,1
1727,Jens Stryger Larsen,1
1728,Lukasz Skorupski,2
1729,Francesco Bardi,1
1730,Mouhamadou Sarr,fail
1731,Takehiro Tomiyasu,3
1732,Kevin Bonifazi,4
1733,Adama Soumaoro,3
1734,Stefano Denswil,1
1735,Luis Binks,3
1736,Gabriele Corbo,2
1737,Nehuén Paz,1
1738,Omar Khailoti,1
1739,Aaron Hickey,3
1740,Mitchell Dijks,2
1741,Lorenzo De Silvestri,1
1742,Ibrahima Mbaye,2
1743,Gary Medel,1
1744,Mattias Svanberg,2
1745,Nicolás Domínguez,3
1746,Jerdy Schouten,3
1747,Godfred Donsah,1
1748,Andri Fannar Baldursson,4
1749,Kingsley Michael,3
1750,Roberto Soriano,2
1751,Kacper Urbanski,4
1752,Nicola Sansone,2
1753,Gianmarco Cangiano,3
1754,Riccardo Orsolini,3
1755,Andreas Skov Olsen,3
1756,Emanuel Vignato,3
1757,Musa Barrow,3
1758,Marko Arnautovic,2
1759,Diego Falcinelli,1
1760,Federico Santander,1
1761,Sydney van Hooijdonk,4
1762,Angelo da Costa,0
1763,Valentin Antov,1
1764,Ibrahima Mbaye,2
1765,Andrea Poli,3
1766,Musa Juwara,1
1767,Riccardo Orsolini,3
1768,Luigi Sepe,3
1769,Gianluigi Buffon,2
1770,Simone Colombi,1
1771,Martin Turk,1
1772,Lautaro Valenti,4
1773,Yordan Osorio,3
1774,Daan Dierckx,4
1775,Kastriot Dermaku,3
1776,Simone Iacoponi,2
1777,Botond Balogh,4
1778,Riccardo Gagliolo,1
1779,Vasilios Zagaritis,3
1780,Giacomo Ricci,1
1781,Giovanni Vaglica,fail
1782,Maxime Busi,4
1783,Vincent Laurini,2
1784,Reinaldo Radu,1
1785,Simon Sohm,4
1786,Gastón Brugman,2
1787,Stanko Juric,4
1788,Pasquale Schiattarella,2
1789,Alberto Grassi,3
1790,Adrián Bernabé,3
1791,Drissa Camara,3
1792,Franco Vázquez,2
1793,Juan Brunetta,1
1794,Valentin Mihaila,4
1795,Félix Correia,1
1796,Daniele Iacoponi,4
1797,Dennis Man,4
1798,Yann Karamoh,2
1799,Mattia Sprocati,2
1800,Luca Siligardi,1
1801,Roberto Inglese,3
1802,Gennaro Tutino,1
1803,Adrian Benedyczak,4
1804,Manuel Nocciolini,1
1805,Eric Lanini,3
1806,Giacomo Marconi,fail
1807,Martin Turk,1
1808,Daan Dierckx,4
1809,Maxime Busi,4
1810,Drissa Camara,3
1811,Roberto Inglese,3
1812,Emil Audero,5
1813,Wladimiro Falcone,3
1814,Nicola Ravaglia,1
1815,Jeison Murillo,2
1816,Omar Colley,4
1817,Maya Yoshida,1
1818,Julian Chabot,3
1819,Lorenzo Tonelli,1
1820,Alex Ferrari,4
1821,Kaique Rocha,3
1822,Tommaso Augello,4
1823,Nicola Murru,3
1824,Bartosz Bereszynski,2
1825,Fabio Depaoli,3
1826,Albin Ekdal,1
1827,Gerard Yepes,0
1828,Morten Thorsby,2
1829,Ronaldo Vieira,2
1830,Valerio Verre,4
1831,Adrien Silva,1
1832,Mehdi Léris,3
1833,Kristoffer Askildsen,3
1834,Antonio Candreva,3
1835,Jakub Jankto,2
1836,Mikkel Damsgaard,3
1837,Gianluca Caprari,2
1838,Ernesto Torregrossa,4
1839,Manolo Gabbiadini,5
1840,Antonino La Gumina,3
1841,Fabio Quagliarella,1
1842,Manuel De Luca,4
1843,Emil Audero,5
1844,Kaique Rocha,3
1845,Valerio Verre,4
1846,Adrien Silva,1
1847,Keita Baldé,1
1848,Antonino La Gumina,3
1849,Mikkel Damsgaard,3
1850,Salvatore Sirigu,1
1851,Adrian Semper,4
1852,Jandrei,fail
1853,Federico Marchetti,1
1854,Lorenzo Andrenacci,3
1855,Zinho Vanheusden,1
1856,Mattia Bani,fail
1857,Davide Biraschi,3
1858,Ivan Radovanovic,1
1859,Andrea Masiello,1
1860,Laurens Serpe,2
1861,Domenico Criscito,2
1862,Stefano Sabelli,4
1863,Andrea Cambiaso,fail
1864,Nicolò Rovella,1
1865,Milan Badelj,2
1866,Valon Behrami,1
1867,Hernani,1
1868,Stefano Sturaro,1
1869,Francesco Cassata,fail
1870,Filippo Melegoni,1
1871,Paolo Ghiglione,2
1872,Lennart Czyborra,1
1873,Manolo Portanova,3
1874,Giuseppe Caso,fail
1875,Kevin Agudelo,2
1876,Caleb Ekuban,3
1877,Goran Pandev,1
1878,Yayah Kallon,fail
1879,Andrea Favilli,2
1880,Mattia Destro,1
1881,Aleksander Buksa,5
1882,Flavio Bianchi,3
1883,Lorenzo Andrenacci,3
1884,Laurens Serpe,2
1885,Nicolò Rovella,1
1886,Lennart Czyborra,1
1887,Yayah Kallon,fail
1888,Aleksander Buksa,5
1889,Eldor Shomurodov,5
1890,Lorenzo Montipò,1
1891,Ivor Pandur,4
1892,Nicola Borghetto,1
1893,Alessandro Berardi,2
1894,Koray Günter,2
1895,Giangiacomo Magnani,fail
1896,Pawel Dawidowicz,4
1897,Federico Ceccherini,fail
1898,Mert Cetin,1
1899,Bruno Amione,4
1900,Alan Empereur,1
1901,Nicolò Casale,2
1902,Gianluca Frabotta,1
1903,Kevin Rüegg,4
1904,Adrien Tamèze,3
1905,Martin Hongla,1
1906,Miguel Veloso,1
1907,Ivan Ilic,5
1908,Daniel Bessa,1
1909,Nunzio Brandi,fail
1910,Davide Faraoni,3
1911,Darko Lazovic,3
1912,Mattia Zaccagni,1
1913,Antonin Barak,fail
1914,Bogdan Jocic,2
1915,Antonino Ragusa,1
1916,Matteo Cancellieri,fail
1917,Kevin Lasagna,1
1918,Nikola Kalinic,1
1919,Samuel Di Carmine,1
1920,Lubomir Tupta,2
1921,Adama Sane,1
1922,Alessandro Berardi,2
1923,Mert Cetin,1
1924,Giangiacomo Magnani,fail
1925,Kevin Rüegg,4
1926,Stefano Sturaro,1
1927,Kevin Lasagna,1
1928,Alberto Paleari,1
1929,Nicolò Manfredini,fail
1930,Igor Lucatelli,fail
1931,Kamil Glik,2
1932,Federico Barba,2
1933,Alessandro Vogliacco,1
1934,Jean-Claude Billong,1
1935,Christian Pastina,fail
1936,Luca Sparandeo,1
1937,Daam Foulon,2
1938,Edoardo Masciangelo,1
1939,Gaetano Letizia,1
1940,Giacomo Calò,1
1941,Artur Ionita,2
1942,Andrés Tello,1
1943,Gennaro Acampora,fail
1944,Siriki Sanogo,fail
1945,Abdallah Basit,1
1946,Oliver Kragl,1
1947,Cy Goddard,fail
1948,Dejan Vokić,fail
1949,Davide Masella,3
1950,Riccardo Improta,1
1951,Roberto Insigne,1
1952,Salvatore Elia,1
1953,Gianluca Lapadula,2
1954,Gabriele Moncini,2
1955,Giuseppe Di Serio,fail
1956,Marco Sau,1
1957,Igor Lucatelli,fail
1958,Alessandro Tuia,2
1959,Nicolas Viola,0
1960,Siriki Sanogo,fail
1961,Roberto Insigne,1
1962,Gianluca Saro,4
1963,Marco Festa,1
1964,Ionut Nedelcearu,3
1965,Giuseppe Cuomo,1
1966,Luca Marrone,1
1967,Davide Mondonico,3
1968,Santiago Visentin,3
1969,Vasile Mogos,3
1970,Jacopo Petriccione,3
1971,Niccolò Zanellato,fail
1972,Ahmad Benali,2
1973,Milos Vulic,2
1974,Pasquale Giannotti,fail
1975,Salvatore Molina,2
1976,Andrea Rispoli,1
1977,Jeremy Petris,fail
1978,Luis Rojas,3
1979,Musa Juwara,1
1980,Giovanni Bruzzaniti,fail
1981,Giuseppe Borello,1
1982,Junior Messias,3
1983,Augustus Kargbo,1
1984,Zak Ruggiero,3
1985,Simy,1
1986,Samuele Mulattieri,1
1987,Emmanuel Rivière,1
1988,Francesco D'Alterio,1
1989,Sergio Yakubiv,1
1990,Eduardo Henrique,1
1991,Milos Vulic,2
1992,Andrea Rispoli,1
1993,Emmanuel Rivière,1
1994,Ivan Provedel,1
1995,Jeroen Zoet,1
1996,Titas Krapikas,1
1997,Petar Zovko,3
1998,Martin Erlic,3
1999,Dimitrios Nikolaou,5
2000,Elio Capradossi,2
2001,Petko Hristov,4
2002,Simone Bastoni,1
2003,Lorenzo Colombini,fail
2004,Leonardo Gabelli,fail
2005,Kelvin Amian,4
2006,Salva Ferrer,2
2007,Luca Vignali,2
2008,Jacopo Sala,1
2009,Léo Sena,3
2010,Giulio Maggiore,2
2011,Alessandro Bordin,fail
2012,Viktor Kovalenko,1
2013,Ebrima Colley,1
2014,Emmanuel Gyasi,2
2015,Daniele Verde,fail
2016,M'Bala Nzola,2
2017,Samuel Mraz,3
2018,Ivan Provedel,1
2019,Simone Bastoni,1
2020,Luca Vignali,2
2021,Emmanuel Gyasi,2
2022,Manuel Neuer,2
2023,Sven Ulreich,1
2024,Christian Früchtl,1
2025,Ron-Thorben Hoffmann,1
2026,Dayot Upamecano,5
2027,Lucas Hernández,3
2028,Niklas Süle,1
2029,Tanguy Nianzou,3
2030,Chris Richards,2
2031,Alphonso Davies,4
2032,Omar Richards,4
2033,Benjamin Pavard,3
2034,Bouna Sarr,3
2035,Josip Stanisic,2
2036,Joshua Kimmich,2
2037,Marc Roca,4
2038,Leon Goretzka,1
2039,Corentin Tolisso,1
2040,Michaël Cuisance,3
2041,Jamal Musiala,5
2042,Kingsley Coman,2
2043,Serge Gnabry,2
2044,Leroy Sané,4
2045,Thomas Müller,2
2046,Robert Lewandowski,2
2047,Eric Maxim Choupo-Moting,2
2048,Sven Ulreich,1
2049,Chris Richards,2
2050,Bouna Sarr,3
2051,Jamal Musiala,5
2052,Eric Maxim Choupo-Moting,2
2053,Gregor Kobel,5
2054,Roman Bürki,2
2055,Marwin Hitz,2
2056,Luca Unbehaun,1
2057,Stefan Drljaca,1
2058,Manuel Akanji,2
2059,Dan-Axel Zagadou,1
2060,Mats Hummels,1
2061,Soumaïla Coulibaly,3
2062,Raphaël Guerreiro,2
2063,Nico Schulz,3
2064,Marcel Schmelzer,1
2065,Thomas Meunier,3
2066,Mateu Morey Bauzà,3
2067,Felix Passlack,2
2068,Emre Can,3
2069,Thomas Delaney,1
2070,Axel Witsel,1
2071,Abdoulaye Kamara,fail
2072,Antonios Papadopoulos,2
2073,Jude Bellingham,4
2074,Mahmoud Dahoud,2
2075,Tobias Raschl,1
2076,Göktan Gürpüz,1
2077,Giovanni Reyna,4
2078,Julian Brandt,3
2079,Reinier,1
2080,Marco Reus,2
2081,Thorgan Hazard,3
2082,Marius Wolf,2
2083,Ansgar Knauff,2
2084,Erling Haaland,3
2085,Donyell Malen,5
2086,Youssoufa Moukoko,2
2087,Steffen Tigges,3
2088,Marwin Hitz,2
2089,Antonios Papadopoulos,2
2090,Ansgar Knauff,2
2091,Donyell Malen,5
2092,Steffen Tigges,3
2093,Péter Gulácsi,4
2094,Josep Martínez,3
2095,Philipp Tschauner,1
2096,Josko Gvardiol,5
2097,Mohamed Simakan,5
2098,Willi Orban,4
2099,Angeliño,4
2100,Marcel Halstenberg,1
2101,Marcelo Saracchi,2
2102,Lukas Klostermann,3
2103,Nordi Mukiele,2
2104,Benjamin Henrichs,4
2105,Tyler Adams,4
2106,Marcel Sabitzer,1
2107,Konrad Laimer,2
2108,Amadou Haidara,4
2109,Kevin Kampl,2
2110,Sidney Raebiger,3
2111,Ben Klefisch,3
2112,Dani Olmo,3
2113,Christopher Nkunku,3
2114,Joscha Wosz,3
2115,Dominik Szoboszlai,5
2116,Emil Forsberg,4
2117,Ademola Lookman,3
2118,André Silva,5
2119,Yussuf Poulsen,3
2120,Alexander Sörloth,4
2121,Hee-chan Hwang,4
2122,Brian Brobbey,4
2123,Hugo Novoa,1
2124,Josep Martínez,3
2125,Lukas Klostermann,3
2126,Sidney Raebiger,3
2127,Dominik Szoboszlai,5
2128,Hee-chan Hwang,4
2129,Lukas Hradecky,2
2130,Andrey Lunev,2
2131,Lennart Grill,3
2132,Niklas Lomb,1
2133,Edmond Tapsoba,5
2134,Jonathan Tah,2
2135,Odilon Kossounou,5
2136,Panagiotis Retsos,1
2137,Mitchel Bakker,4
2138,Daley Sinkgraven,2
2139,Wendell,1
2140,Jeremie Frimpong,4
2141,Timothy Fosu-Mensah,3
2142,Mitchell Weiser,2
2143,Joshua Eze,0
2144,Julian Baumgartlinger,1
2145,Kerem Demirbay,3
2146,Exequiel Palacios,4
2147,Charles Aránguiz,2
2148,Zidan Sertdemir,3
2149,Florian Wirtz,5
2150,Nadiem Amiri,3
2151,Moussa Diaby,4
2152,Paulinho,2
2153,Karim Bellarabi,2
2154,Patrik Schick,4
2155,Lucas Alario,3
2156,Joel Pohjanpalo,1
2157,Emrehan Gedikli,1
2158,Niklas Lomb,1
2159,Panagiotis Retsos,1
2160,Wendell,1
2161,Julian Baumgartlinger,1
2162,Joel Pohjanpalo,1
2163,Yann Sommer,2
2164,Tobias Sippel,2
2165,Jan Olschowsky,2
2166,Matthias Ginter,1
2167,Nico Elvedi,3
2168,Jordan Beyer,1
2169,Tony Jantschke,2
2170,Mamadou Doucouré,3
2171,Ramy Bensebaini,2
2172,Luca Netz,5
2173,Andreas Poulsen,2
2174,Stefan Lainer,3
2175,Joe Scally,fail
2176,Denis Zakaria,1
2177,Christoph Kramer,2
2178,Florian Neuhaus,3
2179,Manu Koné,4
2180,Lászlo Bénes,3
2181,Keanan Bennetts,1
2182,Hannes Wolf,fail
2183,Torben Müsel,fail
2184,Famana Quizera,fail
2185,Marcus Thuram,2
2186,Jonas Hofmann,2
2187,Patrick Herrmann,1
2188,Lars Stindl,2
2189,Alassane Plea,2
2190,Breel Embolo,2
2191,Tobias Sippel,2
2192,Tony Jantschke,2
2193,Lászlo Bénes,3
2194,Marcus Thuram,2
2195,Conor Noß,3
2196,Alexander Schwolow,4
2197,Rune Jarstein,2
2198,Nils-Jonathan Körber,1
2199,Niklas Stark,1
2200,Jordan Torunarigha,2
2201,Dedryck Boyata,3
2202,Márton Dárdai,4
2203,Maximilian Mittelstädt,2
2204,Marvin Plattenhardt,2
2205,Deyovaisio Zeefuik,fail
2206,Lukas Klünter,1
2207,Peter Pekarik,1
2208,Lucas Tousart,4
2209,Santiago Ascacíbar,3
2210,Suat Serdar,5
2211,Vladimir Darida,2
2212,Kevin-Prince Boateng,1
2213,Jonas Michelbrink,1
2214,Javairô Dilrosun,3
2215,Dennis Jastrzembski,1
2216,Dodi Lukébakio,3
2217,Marco Richter,4
2218,Matheus Cunha,4
2219,Krzysztof Piatek,4
2220,Stevan Jovetic,2
2221,Davie Selke,2
2222,Daishawn Redan,3
2223,Ruwen Werthmüller,fail
2224,Nils-Jonathan Körber,1
2225,Maximilian Mittelstädt,2
2226,Deyovaisio Zeefuik,fail
2227,Javairô Dilrosun,3
2228,Marco Richter,4
2229,Oliver Baumann,2
2230,Philipp Pentke,1
2231,Nahuel Noll,4
2232,Luca Philipp,2
2233,Stefan Posch,3
2234,Kevin Akpoguma,3
2235,Kevin Vogt,1
2236,Melayro Bogarde,3
2237,Kasim Adams,2
2238,Ermin Bicakcic,1
2239,Havard Nordtveit,1
2240,Benjamin Hübner,1
2241,David Raum,4
2242,Pavel Kaderabek,2
2243,Joshua Brenet,1
2244,Florian Grillitsch,1
2245,Diadié Samassékou,3
2246,Sebastian Rudy,2
2247,Angelo Stiller,4
2248,Dennis Geiger,1
2249,Tom Bischof,1
2250,Marco John,3
2251,Christoph Baumgartner,4
2252,Mijat Gacinovic,3
2253,Jacob Bruun Larsen,3
2254,Ihlas Bebou,2
2255,Robert Skov,3
2256,Andrej Kramaric,1
2257,Munas Dabbur,3
2258,Sargis Adamyan,2
2259,Georginio Rutter,4
2260,Ishak Belfodil,1
2261,Maximilian Beier,3
2262,Philipp Pentke,1
2263,Fabian Rüth,1
2264,Marco John,3
2265,Sargis Adamyan,2
2266,Ralf Fährmann,4
2267,Martin Fraisl,1
2268,Michael Langer,1
2269,Ozan Kabak,3
2270,Matija Nastasic,1
2271,Malick Thiaw,3
2272,Salif Sané,1
2273,Timo Becker,2
2274,Marcin Kaminski,2
2275,Thomas Ouwejan,1
2276,Omar Mascarell,1
2277,Victor Pálsson,2
2278,Dries Wouters,3
2279,Florian Flick,2
2280,Rodrigo Zalazar,1
2281,Can Bozdogan,3
2282,Danny Latza,2
2283,Reinhold Ranftl,3
2284,Mehmet Aydin,1
2285,Kerim Calhanoglu,3
2286,Amine Harit,3
2287,Dominick Drexler,2
2288,Levent Mercan,2
2289,Blendi Idrizi,2
2290,Yaroslav Mikhailov,1
2291,Marius Bülter,3
2292,Matthew Hoppe,2
2293,Simon Terodde,1
2294,Marvin Pieringer,1
2295,Bleron Krasniqi,1
2296,Martin Fraisl,1
2297,Florian Flick,2
2298,Can Bozdogan,3
2299,Kerim Calhanoglu,3
2300,Marvin Pieringer,1
2301,Kevin Trapp,3
2302,Diant Ramaj,3
2303,Jens Grahl,3
2304,Evan N'Dicka,2
2305,Martin Hinteregger,3
2306,Tuta,2
2307,Felix Irorere,fail
2308,Christopher Lenz,3
2309,Danny da Costa,1
2310,Almamy Touré,2
2311,Erik Durm,2
2312,Timothy Chandler,4
2313,Stefan Ilsanker,1
2314,Makoto Hasebe,1
2315,Djibril Sow,3
2316,Sebastian Rode,3
2317,Filip Kostic,2
2318,Steven Zuber,2
2319,Daichi Kamada,2
2320,Amin Younes,1
2321,Jesper Lindström,5
2322,Aymen Barkok,1
2323,Ajdin Hrustic,2
2324,Jens Petter Hauge,1
2325,Martin Pecar,2
2326,Fabio Blanco,2
2327,Rafael Borré,4
2328,Gonçalo Paciência,2
2329,Ragnar Ache,4
2330,Enrique Herrero García,4
2331,Diant Ramaj,3
2332,Christopher Lenz,3
2333,Ajdin Hrustic,2
2334,Amin Younes,1
2335,Ragnar Ache,4
2336,Koen Casteels,3
2337,Pavao Pervan,1
2338,Philipp Schulze,2
2339,Niklas Klinger,2
2340,Maxence Lacroix,3
2341,John Anthony Brooks,1
2342,Sebastiaan Bornauw,5
2343,Marin Pongracic,3
2344,Anselmo García McNulty,3
2345,Jannis Lang,2
2346,Marcel Beifus,fail
2347,Paulo Otávio,2
2348,Jérôme Roussillon,2
2349,Kobe Hernández-Foster,1
2350,Ridle Baku,4
2351,Kevin Mbabu,2
2352,William,1
2353,Josuha Guilavogui,2
2354,Xaver Schlager,2
2355,Maximilian Arnold,5
2356,Yannick Gerhardt,4
2357,Aster Vranckx,4
2358,Dominik Marx,2
2359,Felix Nmecha,3
2360,Marvin Stefaniak,1
2361,Josip Brekalo,2
2362,João Victor,2
2363,Renato Steffen,2
2364,Maximilian Philipp,4
2365,Admir Mehmedi,1
2366,Wout Weghorst,2
2367,Lukas Nmecha,4
2368,Bartosz Bialek,3
2369,Omar Marmoush,2
2370,Daniel Ginczek,1
2371,Fally Mayulu,1
2372,Pavao Pervan,1
2373,Marin Pongracic,3
2374,Yannick Gerhardt,4
2375,Admir Mehmedi,1
2376,Ui-jo Hwang,2
2377,Robin Zentner,2
2378,Finn Dahmen,2
2379,Omer Hanin,2
2380,Lasse Rieß,fail
2381,Marius Liesegang,1
2382,Jeremiah St. Juste,2
2383,Moussa Niakhaté,2
2384,David Nemeth,3
2385,Stefan Bell,2
2386,Alexander Hack,3
2387,Luca Kilian,3
2388,Aarón Martín,2
2389,Anderson Lucoqui,3
2390,Silvan Widmer,3
2391,Daniel Brosinski,1
2392,Anton Stach,3
2393,Niklas Tauer,2
2394,Leandro Barreiro,3
2395,Dominik Kohr,1
2396,Edimilson Fernandes,2
2397,Merveille Papela,2
2398,Jean-Paul Boëtius,1
2399,Jae-sung Lee,3
2400,Kevin Stöger,1
2401,Paul Nebel,3
2402,Jonathan Burkardt,3
2403,Karim Onisiwo,3
2404,Ádám Szalai,1
2405,Finn Dahmen,2
2406,Stephan Fürstner,1
2407,Romario Rösch,1
2408,Kaito Mizuta,2
2409,Jiri Pavlenka,1
2410,Michael Zetterer,1
2411,Luca Plogmann,1
2412,Eduardo dos Santos Haesler,1
2413,Marco Friedl,2
2414,Milos Veljkovic,1
2415,Ömer Toprak,2
2416,Lars Lukas Mai,1
2417,Anthony Jung,2
2418,Felix Agu,3
2419,Kyu-hyun Park,3
2420,Simon Straudi,1
2421,Nicolai Rapp,3
2422,Christian Groß,1
2423,Ilia Gruev,2
2424,Thore Jacobsen,1
2425,Maximilian Eggestein,2
2426,Kevin Möhwald,1
2427,Jean Manuel Mbom,2
2428,Leonardo Bittencourt,3
2429,Romano Schmid,2
2430,Niklas Schmidt,1
2431,Oscar Schönfelder,2
2432,Nick Woltemade,2
2433,Niclas Füllkrug,2
2434,Eren Dinkci,1
2435,Abdenego Nankishi,1
2436,Eduardo dos Santos Haesler,1
2437,Milos Veljkovic,1
2438,Christian Groß,1
2439,Oscar Schönfelder,2
2440,Abdenego Nankishi,1
2441,Timo Horn,2
2442,Marvin Schwäbe,3
2443,Jonas Urbig,3
2444,Jorge Meré,2
2445,Timo Hübers,2
2446,Sava-Arangel Cestic,3
2447,Rafael Czichos,1
2448,João Queirós,1
2449,Noah Katterbach,3
2450,Jannes Horn,1
2451,Kingsley Ehizibue,2
2452,Benno Schmitz,1
2453,Ellyes Skhiri,2
2454,Jonas Hector,2
2455,Dejan Ljubicic,4
2456,Salih Özcan,2
2457,Niklas Hauptmann,2
2458,Vincent Koziello,1
2459,Ondrej Duda,3
2460,Louis Schaub,1
2461,Tomas Ostrak,1
2462,Jens Castrop,2
2463,Florian Kainz,1
2464,Marvin Obuz,3
2465,Jan Thielmann,3
2466,Kingsley Schindler,2
2467,Tim Lemperle,2
2468,Mark Uth,2
2469,Sebastian Andersson,2
2470,Anthony Modeste,2
2471,Marvin Schwäbe,3
2472,Kingsley Ehizibue,2
2473,Ondrej Duda,3
2474,Louis Schaub,1
2475,Sebastian Andersson,2
2476,Rafal Gikiewicz,2
2477,Tomas Koubek,3
2478,Daniel Klein,4
2479,Felix Uduokhai,3
2480,Jeffrey Gouweleeuw,3
2481,Reece Oxford,2
2482,Frederik Winther,4
2483,Iago,3
2484,Mads Pedersen,3
2485,Robert Gumny,4
2486,Raphael Framberger,3
2487,Niklas Dorsch,5
2488,Carlos Gruezo,3
2489,Tobias Strobl,2
2490,Arne Maier,1
2491,Jan Morávek,1
2492,Tim Civeja,1
2493,Maurice Malone,3
2494,Fredrik Jensen,2
2495,Rubén Vargas,4
2496,André Hahn,1
2497,Daniel Caligiuri,2
2498,Noah Joel Sarenren Bazee,3
2499,Lasse Günther,4
2500,Michael Gregoritsch,2
2501,Florian Niederlechner,1
2502,Sergio Córdova,4
2503,Alfred Finnbogason,1
2504,Tomas Koubek,3
2505,Mads Pedersen,3
2506,Carlos Gruezo,3
2507,Daniel Caligiuri,2
2508,Michael Gregoritsch,2
2509,Mark Flekken,fail
2510,Benjamin Uphoff,fail
2511,Noah Atubolu,fail
2512,Philipp Lienhart,3
2513,Nico Schlotterbeck,2
2514,Keven Schlotterbeck,1
2515,Dominique Heintz,1
2516,Manuel Gulde,fail
2517,Kiliann Sildillia,fail
2518,Kimberly Ezekwem,fail
2519,Christian Günter,fail
2520,Jonathan Schmid,fail
2521,Lukas Kübler,1
2522,Baptiste Santamaria,fail
2523,Nicolas Höfler,fail
2524,Yannik Keitel,3
2525,Janik Haberer,1
2526,Noah Weißhaupt,fail
2527,Vincenzo Grifo,fail
2528,Roland Sallai,fail
2529,Woo-yeong Jeong,2
2530,Kevin Schade,fail
2531,Ermedin Demirovic,3
2532,Lucas Höler,fail
2533,Nils Petersen,1
2534,Nishan Burkart,fail
2535,Benjamin Uphoff,fail
2536,Lukas Kübler,1
2537,Janik Haberer,1
2538,Roland Sallai,fail
2539,Florian Müller,4
2540,Fabian Bredlow,3
2541,Waldemar Anton,3
2542,Marc Oliver Kempf,1
2543,Konstantinos Mavropanos,1
2544,Pascal Stenzel,3
2545,Atakan Karazor,2
2546,Hiroki Ito,1
2547,Borna Sosa,4
2548,Orel Mangala,3
2549,Wataru Endo,3
2550,Naouirou Ahamada,4
2551,Clinton Mola,3
2552,Nikolas Nartey,2
2553,Enzo Millot,4
2554,Silas Katompa Mvumpa,3
2555,Roberto Massimo,2
2556,Erik Thommy,1
2557,Mateo Klimowicz,3
2558,Philipp Förster,2
2559,Daniel Didavi,1
2560,Philipp Klement,2
2561,Lilian Egloff,3
2562,Ömer Beyaz,4
2563,Tanguy Coulibaly,2
2564,Darko Churlinov,3
2565,Chris Führich,4
2566,Momo Cissé,4
2567,Sasa Kalajdzic,2
2568,Mohamed Sankoh,2
2569,Hamadi Al Ghaddioui,1
2570,Fabian Bredlow,3
2571,Pascal Stenzel,3
2572,Erik Thommy,1
2573,Philipp Klement,2
2574,Mohamed Sankoh,2
2575,Frederik Rönnow,3
2576,Andreas Luthe,fail
2577,Jakob Busk,1
2578,Marvin Friedrich,1
2579,Robin Knoche,fail
2580,Timo Baumgartl,1
2581,Rick van Drongelen,fail
2582,Paul Jaeckel,fail
2583,Mathis Bruns,fail
2584,Tymoteusz Puchacz,4
2585,Niko Gießelmann,fail
2586,Julian Ryerson,2
2587,Christopher Trimmel,fail
2588,Rani Khedira,fail
2589,Sebastian Griesbeck,1
2590,Robert Andrich,1
2591,Grischa Prömel,1
2592,Levin Öztunali,fail
2593,Fabio Schneider,1
2594,Marcus Ingvartsen,1
2595,Genki Haraguchi,fail
2596,Laurenz Dehl,1
2597,Keita Endo,1
2598,Sheraldo Becker,2
2599,Pawel Wszolek,fail
2600,Max Kruse,1
2601,Leon Dajaku,1
2602,Taiwo Awoniyi,fail
2603,Andreas Voglsammer,fail
2604,Cedric Teuchert,2
2605,Kevin Behrens,2
2606,Anthony Ujah,1
2607,Suleiman Abdullahi,1
2608,Frederik Rönnow,3
2609,Tymoteusz Puchacz,4
2610,Sebastian Griesbeck,1
2611,Kevin Behrens,2
2612,Andreas Voglsammer,fail
2613,Stefan Ortega,1
2614,Stefanos Kapino,2
2615,Arne Schulz,fail
2616,Amos Pieper,1
2617,Joakim Nilsson,1
2618,Mike van der Hoorn,2
2619,Guilherme Ramos,4
2620,Jacob Barrett Laursen,2
2621,Cédric Brunner,1
2622,Nathan de Medina,2
2623,Manuel Prietl,3
2624,Fabian Kunze,1
2625,Julian Frommann,fail
2626,Sebastian Vasiliadis,3
2627,Patrick Wimmer,4
2628,Masaya Okugawa,3
2629,Alessandro Schöpf,2
2630,Vladislav Cherny,3
2631,Robin Hack,4
2632,Christian Gebauer,2
2633,Florian Krüger,4
2634,Bryan Lasme,4
2635,Janni Serra,4
2636,Fabian Klos,1
2637,Stefanos Kapino,2
2638,Mike van der Hoorn,2
2639,Patrick Wimmer,4
2640,Christian Gebauer,2
2641,Janni Serra,4
2642,Gianluigi Donnarumma,5
2643,Keylor Navas,3
2644,Sergio Rico,3
2645,Alexandre Letellier,1
2646,Denis Franchi,2
2647,Marquinhos,3
2648,Presnel Kimpembe,3
2649,Abdou Diallo,3
2650,Thilo Kehrer,2
2651,Sergio Ramos,2
2652,El Chadaille Bitshiabu,3
2653,Juan Bernat,4
2654,Layvin Kurzawa,3
2655,Achraf Hakimi,5
2656,Colin Dagba,3
2657,Leandro Paredes,2
2658,Danilo Pereira,4
2659,Idrissa Gueye,2
2660,Marco Verratti,3
2661,Georginio Wijnaldum,3
2662,Rafinha,2
2663,Ander Herrera,3
2664,Junior Dina Ebimbe,2
2665,Xavi Simons,1
2666,Bandiougou Fadiga,1
2667,Edouard Michut,4
2668,Ismaël Gharbi,1
2669,Neymar,4
2670,Julian Draxler,3
2671,Lionel Messi,2
2672,Pablo Sarabia,3
2673,Ángel Di María,1
2674,Kylian Mbappé,1
2675,Mauro Icardi,3
2676,Arnaud Kalimuendo,3
2677,Sergio Rico,3
2678,Nathan Bitumazala,2
2679,Rafinha,2
2680,Edouard Michut,4
2681,Arnaud Kalimuendo,3
2682,Anthony Lopes,2
2683,Julian Pollersbeck,3
2684,Malcolm Barcola,1
2685,Kayne Bonnevie,1
2686,Jason Denayer,1
2687,Sinaly Diomandé,4
2688,Marcelo,2
2689,Damien Da Silva,2
2690,Castello Lukeba,3
2691,Maxwel Cornet,2
2692,Henrique,3
2693,Léo Dubois,3
2694,Malo Gusto,3
2695,Thiago Mendes,2
2696,Houssem Aouar,2
2697,Bruno Guimarães,3
2698,Maxence Caqueret,2
2699,Pape Cheikh,1
2700,Florent Da Silva,4
2701,Habib Keïta,4
2702,Lucas Paquetá,4
2703,Rayan Cherki,2
2704,Jeff Reine-Adélaïde,3
2705,Moussa Dembélé,2
2706,Karl Toko Ekambi,3
2707,Tino Kadewere,3
2708,Islam Slimani,1
2709,Lenny Pintor,2
2710,Malcolm Barcola,1
2711,Henrique,3
2712,Thiago Mendes,2
2713,Rayan Cherki,2
2714,Gaël Nsombi,2
2715,Benjamin Lecomte,3
2716,Alexander Nübel,2
2717,Radoslaw Majecki,3
2718,Vito Mannone,1
2719,Benoît Badiashile,3
2720,Axel Disasi,4
2721,Guillermo Maripán,3
2722,Strahinja Pavlovic,3
2723,Chrislain Matsima,4
2724,Jean Marcelin,3
2725,Caio Henrique,4
2726,Antonio Barreca,2
2727,Julien Serrano,1
2728,Ruben Aguilar,3
2729,Djibril Sidibé,1
2730,Aurélien Tchouaméni,3
2731,Pelé,2
2732,Youssouf Fofana,3
2733,Eliot Matazo,3
2734,Cesc Fàbregas,1
2735,Jean Lucas,5
2736,Ismail Jakobs,5
2737,Aleksandr Golovin,3
2738,Sofiane Diop,2
2739,Keita Baldé,1
2740,Willem Geubbels,2
2741,Valentin Decarpentrie,1
2742,Gelson Martins,3
2743,Krépin Diatta,4
2744,Anthony Musaba,4
2745,Wissam Ben Yedder,3
2746,Kevin Volland,3
2747,Myron Boadu,5
2748,Pietro Pellegri,1
2749,Wilson Isidor,2
2750,Radoslaw Majecki,3
2751,Caio Henrique,4
2752,Youssouf Fofana,3
2753,Aleksandr Golovin,3
2754,Wissam Ben Yedder,3
2755,Pau López,1
2756,Steve Mandanda,3
2757,Simon Ngapandouetnbu,1
2758,Manuel Nazaretian,3
2759,Duje Caleta-Car,2
2760,William Saliba,1
2761,Leonardo Balerdi,5
2762,Álvaro González,3
2763,Luan Peres,4
2764,Aaron Kamardin,2
2765,Joakim Kada,1
2766,Jordan Amavi,4
2767,Boubacar Kamara,1
2768,Pape Gueye,3
2769,Oussama Targhalline,2
2770,Paolo Sciortino,3
2771,Mattéo Guendouzi,1
2772,Gerson,5
2773,Valentin Rongier,3
2774,Ugo Bertelli,2
2775,Bilal Nadir,3
2776,Dimitri Payet,3
2777,Franco Tongya,4
2778,Luis Henrique,4
2779,Nemanja Radonjic,2
2780,Konrad de la Fuente,4
2781,Cengiz Ünder,1
2782,Salim Ben Seghir,3
2783,Arkadiusz Milik,1
2784,Darío Benedetto,2
2785,Bamba Dieng,fail
2786,Simon Ngapandouetnbu,1
2787,Álvaro González,3
2788,Valentin Rongier,3
2789,Nemanja Radonjic,2
2790,Bamba Dieng,fail
2791,Léo Jardim,3
2792,Adam Jakubech,4
2793,Orestis Karnezis,2
2794,Jules Raux,fail
2795,Sven Botman,4
2796,Tiago Djaló,3
2797,José Fonte,1
2798,Reinildo Mandava,1
2799,Domagoj Bradaric,3
2800,Zeki Celik,2
2801,Jérémy Pied,1
2802,Benjamin André,2
2803,Amadou Onana,5
2804,Jean Onana,4
2805,Cheikh Niasse,2
2806,Eugenio Pizzuto,4
2807,Renato Sanches,2
2808,Xeka,1
2809,Jonathan Bamba,2
2810,Yusuf Yazici,3
2811,Angel Gomes,4
2812,Isaac Lihadji,2
2813,Jonathan Ikoné,2
2814,Jonathan David,4
2815,Timothy Weah,3
2816,Burak Yilmaz,1
2817,Adam Jakubech,4
2818,Jérémy Pied,1
2819,Amadou Onana,5
2820,Angel Gomes,4
2821,Jonathan David,4
2822,Alfred Gomis,4
2823,Romain Salin,1
2824,Pépé Bonet,1
2825,Loïc Badé,5
2826,Nayef Aguerd,3
2827,Jérémy Gélin,1
2828,Gerzino Nyamsi,3
2829,Warmed Omari,3
2830,Adrien Truffert,4
2831,Faitout Maouassa,1
2832,Birger Meling,3
2833,Hamari Traoré,2
2834,Brandon Soppy,1
2835,Lorenz Assignon,4
2836,Eduardo Camavinga,1
2837,Benjamin Bourigeaud,2
2838,Flavien Tait,2
2839,James Léa Siliki,2
2840,Jonas Martin,1
2841,Lesley Ugochukwu,3
2842,Rafik Guitane,1
2843,Martin Terrier,4
2844,Kamaldeen Sulemana,5
2845,Jérémy Doku,4
2846,Romain Del Castillo,1
2847,Andy Diouf,3
2848,Serhou Guirassy,4
2849,M'Baye Niang,2
2850,Matthis Abline,3
2851,Metehan Güçlü,2
2852,Loum Tchaouna,3
2853,Mathys Tel,fail
2854,Warmed Omari,3
2855,Eduardo Camavinga,1
2856,Andy Diouf,3
2857,Serhou Guirassy,4
2858,Walter Benítez,2
2859,Marcin Bulka,1
2860,Teddy Boulhendi,fail
2861,Jean-Clair Todibo,5
2862,Flavius Daniliuc,3
2863,Robson Bambu,4
2864,Dante,1
2865,Hassane Kamara,3
2866,Melvin Bard,fail
2867,Youcef Atal,2
2868,Jordan Lotomba,4
2869,Mario Lemina,fail
2870,Khéphren Thuram,1
2871,Morgan Schneiderlin,fail
2872,Pablo Rosario,5
2873,Hicham Boudaoui,2
2874,Alexis Trouillet,3
2875,Alexis Claude-Maurice,3
2876,Pedro Brazão,1
2877,Ihsan Sacko,1
2878,Justin Kluivert,1
2879,Lucas Da Cunha,fail
2880,Deji Sotona,2
2881,Calvin Stengs,5
2882,Dan Ndoye,3
2883,Amine Gouiri,3
2884,Kasper Dolberg,3
2885,Myziane Maolida,2
2886,Evann Guessand,2
2887,Justin Smith,fail
2888,Flavius Daniliuc,3
2889,Jordan Lotomba,4
2890,Lucas Da Cunha,fail
2891,Myziane Maolida,2
2892,Benoît Costil,1
2893,Gaëtan Poussin,2
2894,Darren Lima Semedo,fail
2895,Davy Rouyard,4
2896,Tidiane Malbec,1
2897,Timothée Pembélé,1
2898,Laurent Koscielny,1
2899,Mexer,2
2900,Paul Baysse,3
2901,Abdel Medioub,1
2902,Loïc Bessile,1
2903,Malcom Bokele Mputu,1
2904,Loris Benito,1
2905,Gideon Mensah,1
2906,Ricardo Mangas,1
2907,Enock Kwateng,2
2908,Raoul Bellanova,1
2909,Otávio,1
2910,Toma Basic,1
2911,Rubén Pardo,1
2912,Tom Lacoux,3
2913,Issouf Sissokho,3
2914,Yacine Adli,2
2915,Samuel Kalu,2
2916,Rémi Oudin,3
2917,Mehdi Zerkane,3
2918,Amadou Traoré,1
2919,Josh Maja,2
2920,Ui-jo Hwang,2
2921,Jimmy Briand,1
2922,Sékou Mara,2
2923,Dilane Bakwa,1
2924,Gaëtan Poussin,2
2925,Timothée Pembélé,1
2926,Rubén Pardo,1
2927,Rémi Oudin,3
2928,Sékou Mara,2
2929,Matz Sels,3
2930,Bingourou Kamara,2
2931,Eiji Kawashima,2
2932,Alexandre Pierre,3
2933,Alaa Bellaarouch,fail
2934,Alexander Djiku,2
2935,Lucas Perrin,1
2936,Anthony Caci,1
2937,Karol Fila,4
2938,Marvin Senaya,3
2939,Ibrahima Sissoko,3
2940,Jean-Eudes Aholou,1
2941,Mahamé Siby,2
2942,Sanjin Prcic,1
2943,Dimitri Liénard,2
2944,Jean-Ricner Bellegarde,2
2945,Adrien Thomasson,3
2946,Aymeric Ahmed,fail
2947,Mehdi Chahiri,3
2948,Moïse Sahi Dion,4
2949,Ludovic Ajorque,3
2950,Habib Diallo,4
2951,Kévin Gameiro,2
2952,Majeed Waris,1
2953,Lebo Mothiba,2
2954,Eiji Kawashima,2
2955,Marvin Senaya,3
2956,Mahamé Siby,2
2957,Mehdi Chahiri,3
2958,Majeed Waris,1
2959,Alban Lafont,3
2960,Rémy Descamps,3
2961,Denis Petric,1
2962,Charly Jan,1
2963,Andrei Girotto,3
2964,Jean-Charles Castelletto,2
2965,Nicolas Pallois,1
2966,Molla Wagué,1
2967,Abdoulaye Sylla,fail
2968,Charles Traoré,2
2969,Sébastien Corchia,2
2970,Fábio,1
2971,Dennis Appiah,2
2972,Abdoulaye Touré,1
2973,Pedro Chirivella,2
2974,Wylan Cyprien,1
2975,Samuel Moutoussamy,3
2976,Ludovic Blas,3
2977,Roli Pereira de Sa,1
2978,Moses Simon,3
2979,Anthony Limbombe,2
2980,Marcus Coco,2
2981,Osman Bukari,1
2982,Abdoul Kader Bamba,3
2983,Gor Manvelyan,3
2984,Randal Kolo Muani,1
2985,Jean-Kévin Augustin,1
2986,Kalifa Coulibaly,1
2987,Renaud Emond,1
2988,Bridge Ndilu,3
2989,Quentin Merlin,3
2990,Rémy Descamps,3
2991,Charles Traoré,2
2992,Samuel Moutoussamy,3
2993,Osman Bukari,1
2994,Quentin Merlin,3
2995,Paul Bernardoni,3
2996,Danijel Petkovic,1
2997,Anthony Mandréa,1
2998,Romain Thomas,1
2999,Mateo Pavlovic,2
3000,Ismaël Traoré,1
3001,Kévin Boma,1
3002,Souleyman Doumbia,2
3003,Enzo Ebosse,2
3004,Abdoulaye Bamba,2
3005,Vincent Manceau,1
3006,Batista Mendy,3
3007,Zinédine Ould Khaled,1
3008,Angelo Fulgini,2
3009,Antonin Bobichon,2
3010,Thomas Mangani,1
3011,Azzedine Ounahi,4
3012,Walim Lgharbi,2
3013,Mathias Pereira Lage,1
3014,Pierrick Capelle,1
3015,Waniss Taïbi,1
3016,Sofiane Boufal,3
3017,Casimir Ninga,2
3018,Mohamed-Ali Cho,2
3019,Sada Thioub,2
3020,Jimmy Cabot,2
3021,Farid El Melali,2
3022,Noah Fatar,2
3023,Kevin Bemanga,2
3024,Stéphane Bahoken,1
3025,Rachid Alioui,1
3026,Danijel Petkovic,1
3027,Azzedine Ounahi,4
3028,Mathias Pereira Lage,1
3029,Casimir Ninga,2
3030,Stéphane Bahoken,1
3031,Etienne Green,3
3032,Stefan Bajic,1
3033,Boubacar Fall,4
3034,Nabil Ouennas,fail
3035,Harold Moukoudi,2
3036,Timothée Kolodziejczak,1
3037,Saïdou Sow,3
3038,Mickaël Nade,1
3039,Yvann Maçon,3
3040,Miguel Trauco,1
3041,Alexandros Katranis,1
3042,Gabriel Silva,2
3043,Alpha Sissoko,1
3044,Lucas Gourna-Douath,4
3045,Yvan Neyou,3
3046,Assane Dioussé,1
3047,Mahdi Camara,3
3048,Zaydou Youssouf,2
3049,Aimen Moueffek,3
3050,Adil Aouchiche,2
3051,Ryad Boudebouz,1
3052,Bilal Benkhedim,1
3053,Denis Bouanga,2
3054,Arnaud Nordin,1
3055,Maxence Rivera,3
3056,Wahbi Khazri,1
3057,Charles Abi,3
3058,Romain Hamouma,1
3059,Jean-Philippe Krasso,2
3060,Stefan Bajic,1
3061,Gabriel Silva,2
3062,Lucas Gourna-Douath,4
3063,Arnaud Nordin,1
3064,Jean-Philippe Krasso,2
3065,Jonas Omlin,3
3066,Dimitry Bertaud,1
3067,Matis Carvalho,1
3068,Mamadou Sakho,3
3069,Pedro Mendes,2
3070,Nicolas Cozza,1
3071,Thuler,1
3072,Ambroise Oyongo,1
3073,Thibault Tamas,1
3074,Junior Sambia,1
3075,Arnaud Souquet,2
3076,Mathías Suárez,2
3077,Thibaut Vargas,1
3078,Joris Chotard,3
3079,Téji Savanier,2
3080,Florent Mollet,2
3081,Jordan Ferri,2
3082,Léo Leroy,4
3083,Mihailo Ristic,1
3084,Stephy Mavididi,3
3085,Andy Delort,3
3086,Gaëtan Laborde,2
3087,Elye Wahi,4
3088,Petar Skuletic,0
3089,Yanis Guermouche,1
3090,Béni Makouana,fail
3091,Matis Carvalho,1
3092,Arnaud Souquet,2
3093,Léo Leroy,4
3094,Stephy Mavididi,3
3095,Petar Skuletic,0
3096,Predrag Rajkovic,2
3097,Yehvann Diouf,3
3098,Nicolas Penneteau,2
3099,Wout Faes,3
3100,Andreaw Gravillon,1
3101,Yunis Abdelhamid,1
3102,Logan Costa,1
3103,Mamadou Mbow,2
3104,Ghislain Konan,1
3105,Thomas Foket,2
3106,Fodé Doucouré,2
3107,Sambou Sissoko,2
3108,Xavier Chavalerin,1
3109,Marshall Munetsi,3
3110,Dion Lopy,2
3111,Valon Berisha,3
3112,Moreto Cassamá,3
3113,Mathieu Cafaro,1
3114,Ilan Kebbal,3
3115,Nathanaël Mbuku,2
3116,Arbër Zeneli,2
3117,Dereck Kutesa,2
3118,Moussa Doumbia,1
3119,Billal Brahimi,1
3120,Hugo Ekitike,2
3121,Alexis Flips,3
3122,El Bilal Touré,3
3123,Kaj Sierhuis,3
3124,Fraser Hornby,3
3125,Anastasios Donis,3
3126,Yehvann Diouf,3
3127,Dion Lopy,2
3128,Valon Berisha,3
3129,Alexis Flips,3
3130,El Bilal Touré,3
3131,Baptiste Reynet,3
3132,Anthony Racioppi,3
3133,Jonathan Panzo,2
3134,Bruno Ecuele Manga,1
3135,Senou Coulibaly,2
3136,Daniel Congré,2
3137,Théo Barbet,1
3138,Zargo Touré,2
3139,Christopher Rocchia,2
3140,Cheick Traoré,3
3141,Ahmad Ngouyamsa,1
3142,Lucas Deaux,2
3143,Mattéo Ahlinvi,3
3144,Jessy Pi,2
3145,Wilitty Younoussa,1
3146,Didier Ndong,2
3147,Jordan Marié,1
3148,Bersant Celina,3
3149,Bryan Soumaré,3
3150,Yassine Benzia,2
3151,Valentin Jacob,3
3152,Amir Arli,3
3153,Frédéric Sammaritano,1
3154,Mounir Chouiar,1
3155,Alexandru Dobre,3
3156,Yahya Soumaré,1
3157,Erwan Belhadji,1
3158,Moussa Konaté,2
3159,Roger Assalé,3
3160,Mickaël Le Bihan,3
3161,Aurélien Scheidler,3
3162,Rayan Philippe,1
3163,Anthony Racioppi,3
3164,Yassine Benzia,2
3165,Alexandru Dobre,3
3166,Aurélien Scheidler,3
3167,Gautier Larsonneur,2
3168,Marco Bizot,3
3169,Sébastien Cibois,1
3170,Grégoire Coudert,1
3171,Jean-Kevin Duverne,2
3172,Christophe Hérelle,3
3173,Brendan Chardonnet,2
3174,Lilian Brassier,fail
3175,Denys Bain,1
3176,Noé Sow,fail
3177,Jere Uronen,3
3178,Ronaël Pierre-Gabriel,1
3179,Julien Faussurier,1
3180,Paul Lasne,0
3181,Haris Belkebla,2
3182,Hianga'a Mbock,3
3183,Hugo Magnetti,3
3184,Romain Faivre,4
3185,Romain Philippoteaux,1
3186,Franck Honorat,4
3187,Irvin Cardona,2
3188,Steve Mounié,3
3189,Jérémy Le Douaron,2
3190,Rafiki Saïd,2
3191,Grégoire Coudert,1
3192,Denys Bain,1
3193,Noé Sow,fail
3194,Romain Philippoteaux,1
3195,Rafiki Saïd,2
3196,Alexandre Oukidja,2
3197,Marc-Aurèle Caillard,1
3198,Ousmane Ba,4
3199,Dylan Bronn,3
3200,Kiki Kouyaté,3
3201,Sikou Niakaté,1
3202,Lenny Lacroix,2
3203,Matthieu Udol,3
3204,Thomas Delaine,1
3205,Manuel Cabit,1
3206,Fabien Centonze,3
3207,Sofiane Alakouch,4
3208,William Mikelbrencis,3
3209,Pape Sarr,4
3210,Habib Maïga,3
3211,Kévin N'Doram,3
3212,Vincent Pajot,1
3213,Boubacar Traoré,3
3214,Warren Tchimbembé,3
3215,Farid Boulaya,1
3216,Amine Bassi,4
3217,Opa Nguette,1
3218,Cheikh Sabaly,1
3219,Vagner,3
3220,Lamine Gueye,3
3221,Papa Ndiaga Yade,3
3222,Ibrahima Niane,3
3223,Georges Mikautadze,4
3224,Lenny Joseph,3
3225,Marc-Aurèle Caillard,1
3226,Sofiane Alakouch,4
3227,Cheikh Sabaly,1
3228,Vagner,3
3229,Georges Mikautadze,4
3230,Per Kristian Bratveit,1
3231,Lucas Dias,3
3232,Amjhad Nazih,3
3233,Anthony Briancon,1
3234,Pablo Martinez,1
3235,Naomichi Ueda,2
3236,Kelyan Guessoum,1
3237,Théo Sainte-Luce,1
3238,Pierre Zaidan,fail
3239,Patrick Burner,3
3240,Gaëtan Paquiez,1
3241,Andrés Cubas,3
3242,Sidy Sarr,2
3243,Léon Delpech,fail
3244,Lamine Fomba,2
3245,Julien Ponceau,1
3246,Antoine Valério,1
3247,Zinedine Ferhat,1
3248,Niclas Eliasson,2
3249,Yassine Benrahou,2
3250,Marco Majouga,fail
3251,Moussa Koné,2
3252,Karim Aribi,3
3253,Elías Már Ómarsson,3
3254,Mahamadou Doucouré,3
3255,Lucas Dias,3
3256,Pierre Zaidan,fail
3257,Léon Delpech,fail
3258,Mahamadou Doucouré,3
3259,Wuilker Fariñez,3
3260,Jean-Louis Leca,1
3261,Valentino Lesieur,3
3262,Facundo Medina,3
3263,Kevin Danso,5
3264,Jonathan Gradit,3
3265,Steven Fortes,1
3266,Christopher Wooh,4
3267,Massadio Haidara,2
3268,Ismaël Boura,2
3269,Deiver Machado,3
3270,Jonathan Clauss,2
3271,Cheick Doucouré,3
3272,Yannick Cahuzac,1
3273,Seko Fofana,3
3274,Charles Boli,3
3275,Mamadou Camara,3
3276,Jonathan Varane,3
3277,Gaël Kakuta,2
3278,David Costa,3
3279,Adam Oudjani,2
3280,Jules Keita,2
3281,Przemyslaw Frankowski,5
3282,Ignatius Ganago,3
3283,Florian Sotoca,2
3284,Simon Banza,2
3285,Corentin Jean,2
3286,Wesley Saïd,3
3287,Ibrahima Baldé,3
3288,Wuilker Fariñez,3
3289,Ismaël Boura,2
3290,Mamadou Camara,3
3291,Przemyslaw Frankowski,5
3292,Corentin Jean,2
3293,Paul Nardi,2
3294,Matthieu Dreyer,2
3295,Teddy Bartouche,1
3296,Thomas Callens,2
3297,Julien Laporte,2
3298,Thomas Fontaine,1
3299,Jérémy Morel,0
3300,Loris Mouyokolo,4
3301,Vincent Le Goff,1
3302,Quentin Lecoeuche,1
3303,Samuel Loric,2
3304,Igor Silva,5
3305,Houboulang Mendes,1
3306,Jérôme Hergault,1
3307,Laurent Abergel,4
3308,Thomas Monconduit,2
3309,Fabien Lemoine,1
3310,Malamine Doumbouya,fail
3311,Redwan Bourlès,fail
3312,Enzo Le Fée,3
3313,Quentin Boisgard,2
3314,Armand Laurienté,3
3315,Stéphane Diarra,4
3316,Terem Moffi,3
3317,Adrian Grbic,4
3318,Pierre-Yves Hamel,2
3319,Matthieu Dreyer,2
3320,Jérôme Hergault,1
3321,Redwan Bourlès,fail
3322,Dango Ouattara,fail
3323,Pierre-Yves Hamel,2
